DateTime,PairID,PairName,Open,High,Low,Close,Volume,Spread,SMA_10,SMA_50,Trend,RSI_14,RSI_Signal,EMA_12,EMA_26,MACD,MACD_Signal_Line,MACD_Histogram,MACD_Signal,BB_Middle,BB_Upper,BB_Lower,BB_Signal,ATR_14,Trend_Score,RSI_Score,MACD_Score,BB_Score,TechnicalScore,TechnicalSignal,Target,ML_Prediction,ML_Probability_Up,ML_Signal
2023-01-18 01:00:00,1,EUR/USD,1.10775,1.10822,1.10731,1.10808,2591,1.8,1.1066680000000002,1.104938,BUY,65.43778801843362,NEUTRAL,1.106917772223612,1.1063200519503051,0.0005977202733067,0.00064397589438,-4.625562107330892e-05,SELL,1.106765,1.1082534325914415,1.1052765674085585,NEUTRAL,0.0012849999999999,1,0,-1,0,0,HOLD,0,1,0.6096794532108797,BUY
2023-01-18 02:00:00,1,EUR/USD,1.10742,1.10803,1.10717,1.10755,5064,1.1,1.106777,1.1051118,BUY,55.0318471337586,NEUTRAL,1.1070150380353638,1.1064111592132455,0.0006038788221183,0.0006359564799276,-3.207765780937873e-05,SELL,1.1068209999999998,1.108340319792505,1.1053016802074946,NEUTRAL,0.0012099999999999,1,0,-1,0,0,HOLD,1,1,0.5734519405131002,BUY
2023-01-18 03:00:00,1,EUR/USD,1.10826,1.10885,1.10716,1.10824,2164,1.1,1.1070449999999998,1.1053024,BUY,56.845965770170345,NEUTRAL,1.107203493722231,1.1065466289011532,0.0006568648210778,0.0006401381481577,1.6726672920122296e-05,BUY,1.1068710000000002,1.1085095217986132,1.1052324782013871,NEUTRAL,0.0012021428571428,1,0,1,0,2,STRONG_BUY,0,1,0.5556397168540966,BUY
2023-01-18 04:00:00,1,EUR/USD,1.10746,1.10784,1.10625,1.10709,2176,0.9,1.107126,1.105468,BUY,45.45454545454522,NEUTRAL,1.1071860331495802,1.1065868786121789,0.0005991545374013,0.0006319414260064,-3.278688860511444e-05,SELL,1.106858,1.1084846025297517,1.1052313974702488,NEUTRAL,0.0012457142857142,1,0,-1,0,0,HOLD,1,1,0.6187785675050834,BUY
2023-01-18 05:00:00,1,EUR/USD,1.1094,1.1094,1.10828,1.10879,2145,1.2,1.107349,1.1056412,BUY,58.76180482686186,NEUTRAL,1.107432797280414,1.1067500727890545,0.0006827244913594,0.000642098039077,4.062645228237625e-05,BUY,1.106924,1.108750050094518,1.105097949905482,SELL,0.0013342857142856,1,0,1,-1,1,BUY,0,1,0.5397148352439565,BUY
2023-01-18 06:00:00,1,EUR/USD,1.10879,1.10892,1.10853,1.10862,5211,1.0,1.10753,1.1058232,BUY,61.9469026548673,NEUTRAL,1.107615443852658,1.106888585915791,0.0007268579368668,0.000659050018635,6.78079182318738e-05,BUY,1.1070620000000002,1.108965023632983,1.105158976367017,NEUTRAL,0.0012371428571428,1,0,1,0,2,STRONG_BUY,1,1,0.5494759497972287,BUY
2023-01-18 07:00:00,1,EUR/USD,1.11013,1.11107,1.10995,1.11023,2289,1.1,1.10794,1.1060054,BUY,73.94871794871788,SELL,1.108017683259941,1.107136098070177,0.0008815851897643,0.0007035570528608,0.0001780281369034,BUY,1.1073035,1.109518741700086,1.105088258299914,SELL,0.0013257142857142,1,-1,1,-1,0,HOLD,1,0,0.49043907877672815,SELL
2023-01-18 08:00:00,1,EUR/USD,1.11035,1.11063,1.11035,1.11061,2656,1.7,1.108389,1.1061804,BUY,73.00743889479332,SELL,1.1084165012199505,1.1073934241390528,0.0010230770808974,0.0007674610584681,0.0002556160224292,BUY,1.107496,1.1101400033442754,1.1048519966557246,SELL,0.0012435714285713,1,-1,1,-1,0,HOLD,0,1,0.512231630471438,BUY
2023-01-18 09:00:00,1,EUR/USD,1.10921,1.10994,1.10864,1.10958,1299,1.1,1.108641,1.1063546,BUY,64.86220472440931,NEUTRAL,1.1085955010322657,1.1075553927213453,0.0010401083109203,0.0008219905089586,0.0002181178019617,BUY,1.107619,1.110413926983382,1.1048240730166183,NEUTRAL,0.0012728571428571,1,0,1,0,2,STRONG_BUY,0,1,0.5735371503229595,BUY
2023-01-18 10:00:00,1,EUR/USD,1.10915,1.11029,1.10898,1.10949,3306,1.5,1.108828,1.1065344,BUY,63.40000000000006,NEUTRAL,1.108733116258071,1.1076986969642086,0.0010344192938622,0.0008644762659393,0.0001699430279229,BUY,1.1077,1.1106167970898726,1.1047832029101272,NEUTRAL,0.0013199999999999,1,0,1,0,2,STRONG_BUY,1,1,0.524771393594906,BUY
2023-01-18 11:00:00,1,EUR/USD,1.10963,1.10963,1.10946,1.10957,1985,1.5,1.108977,1.1067378,BUY,68.29787234042522,NEUTRAL,1.108861867602983,1.107837312003897,0.0010245555990862,0.0008964921325687,0.0001280634665174,BUY,1.1078225,1.110840759345056,1.104804240654944,NEUTRAL,0.0012321428571428,1,0,1,0,2,STRONG_BUY,0,1,0.5257770823160256,BUY
2023-01-18 12:00:00,1,EUR/USD,1.10774,1.10858,1.10767,1.10812,4489,1.2,1.109034,1.1068592,BUY,59.22509225092274,NEUTRAL,1.1087477341256011,1.10785825185546,0.000889482270141,0.0008950901600831,-5.6078899421241465e-06,SELL,1.1079055,1.110856549590323,1.1049544504096769,NEUTRAL,0.0012985714285714,1,0,-1,0,0,HOLD,1,1,0.50335039298503,BUY
2023-01-18 13:00:00,1,EUR/USD,1.10976,1.11019,1.10898,1.10983,3423,1.5,1.109193,1.1070026,BUY,61.929371231697615,NEUTRAL,1.1089142365678164,1.1080043072735744,0.000909929294242,0.0008980579869149,1.1871307327083048e-05,BUY,1.108119,1.1109717726126147,1.105266227387385,NEUTRAL,0.0013607142857142,1,0,1,0,2,STRONG_BUY,1,0,0.44527555247103573,SELL
2023-01-18 14:00:00,1,EUR/USD,1.11098,1.11164,1.11086,1.11099,1386,1.3,1.109583,1.1071544,BUY,63.80016380016372,NEUTRAL,1.1092335847881525,1.108225469697754,0.0010081150903982,0.0009200694076116,8.804568278660192e-05,BUY,1.1083545,1.111342493341838,1.1053665066581624,NEUTRAL,0.0014485714285714,1,0,1,0,2,STRONG_BUY,1,1,0.5321019287204078,BUY
2023-01-18 15:00:00,1,EUR/USD,1.11143,1.11162,1.11128,1.11156,3678,1.6,1.10986,1.1072833999999998,BUY,64.12337662337737,NEUTRAL,1.1095914948207444,1.1084724719423649,0.0011190228783795,0.0009598601017651,0.0001591627766143,BUY,1.1086045,1.1117904393393516,1.1054185606606484,NEUTRAL,0.0014285714285714,1,0,1,0,2,STRONG_BUY,0,1,0.5048312058159692,BUY
2023-01-18 16:00:00,1,EUR/USD,1.11141,1.11163,1.11141,1.11154,2791,1.1,1.110152,1.1074474,BUY,66.89246401354744,NEUTRAL,1.109891264848322,1.1086996962429303,0.0011915686053916,0.0010062018024904,0.0001853668029011,BUY,1.108841,1.1121652895561274,1.1055167104438726,NEUTRAL,0.0013792857142856,1,0,1,0,2,STRONG_BUY,1,1,0.5740215385100931,BUY
2023-01-18 17:00:00,1,EUR/USD,1.11246,1.11339,1.11218,1.11245,2854,1.5,1.110374,1.107593,BUY,67.49792186201154,NEUTRAL,1.1102849164101187,1.108977496521232,0.0013074198888867,0.0010664454197697,0.0002409744691169,BUY,1.1091570000000002,1.1125957886484592,1.1057182113515411,NEUTRAL,0.0013907142857142,1,0,1,0,2,STRONG_BUY,0,1,0.5593432556225408,BUY
2023-01-18 18:00:00,1,EUR/USD,1.1111,1.1114,1.11074,1.11102,3453,1.7,1.110415,1.1077182,BUY,65.9626320064984,NEUTRAL,1.1103980061931775,1.109128793075215,0.0012692131179625,0.0011069989594082,0.0001622141585542,BUY,1.109402,1.112620921689395,1.106183078310605,NEUTRAL,0.0013707142857142,1,0,1,0,2,STRONG_BUY,0,0,0.4955584554539332,SELL
2023-01-18 19:00:00,1,EUR/USD,1.11132,1.11132,1.11027,1.11076,2564,1.5,1.110533,1.1078328,BUY,59.061637534498615,NEUTRAL,1.1104536975480732,1.1092496232177915,0.0012040743302816,0.0011264140335829,7.766029669871574e-05,BUY,1.109587,1.1126612263040927,1.106512773695907,NEUTRAL,0.0012807142857142,1,0,1,0,2,STRONG_BUY,0,1,0.524705616895711,BUY
2023-01-18 20:00:00,1,EUR/USD,1.11027,1.11027,1.10983,1.11011,3096,1.0,1.110595,1.1079396,BUY,56.56387665198223,NEUTRAL,1.1104008210022158,1.1093133548312886,0.0010874661709272,0.0011186244610518,-3.1158290124576804e-05,SELL,1.1097115,1.1126489552180845,1.1067740447819157,NEUTRAL,0.0013192857142856,1,0,-1,0,0,HOLD,1,1,0.513096532401487,BUY
2023-01-18 21:00:00,1,EUR/USD,1.11099,1.11172,1.11056,1.11094,7016,0.9,1.110732,1.1080596,BUY,53.358561967833374,NEUTRAL,1.1104837716172595,1.109433847066008,0.0010499245512516,0.0011048844790917,-5.495992784015631e-05,SELL,1.1098545,1.112735453606806,1.106973546393194,NEUTRAL,0.0012592857142857,1,0,-1,0,0,HOLD,1,1,0.5481739252537515,BUY
2023-01-18 22:00:00,1,EUR/USD,1.11248,1.11248,1.1111,1.11169,2012,1.9,1.111089,1.10815,BUY,54.93601462522831,NEUTRAL,1.110669345214604,1.1096009695055629,0.0010683757090412,0.0010975827250816,-2.9207016040408863e-05,SELL,1.1100615,1.112838315859244,1.107284684140756,NEUTRAL,0.0013407142857142,1,0,-1,0,0,HOLD,0,0,0.48897628825577377,SELL
2023-01-18 23:00:00,1,EUR/USD,1.11087,1.11087,1.1098,1.11016,2048,1.1,1.111122,1.1081794,BUY,52.53496503496511,NEUTRAL,1.1105909844123574,1.1096423791718175,0.0009486052405398,0.0010677872281733,-0.0001191819876334,SELL,1.1101575,1.112798607224022,1.1075163927759777,NEUTRAL,0.0013349999999999,1,0,-1,0,0,HOLD,0,1,0.5029938220836698,BUY
2023-01-19 00:00:00,1,EUR/USD,1.10923,1.11044,1.10838,1.10949,2264,1.3,1.1109719999999998,1.1082048,BUY,50.0,NEUTRAL,1.1104216021950717,1.1096310918257568,0.0007905103693148,0.0010123318564016,-0.0002218214870867,SELL,1.1102775,1.112519743941925,1.108035256058075,NEUTRAL,0.0013885714285714,1,0,-1,0,0,HOLD,1,1,0.5245825500226021,BUY
2023-01-19 01:00:00,1,EUR/USD,1.1107,1.11082,1.11044,1.11044,2956,0.9,1.11086,1.1082794,BUY,53.37470907680422,NEUTRAL,1.110424432626599,1.1096910109497748,0.0007334216768242,0.0009565498204861,-0.0002231281436619,SELL,1.11036,1.1124904311400436,1.1082295688599564,NEUTRAL,0.0014714285714285,1,0,-1,0,0,HOLD,0,1,0.5321957969690486,BUY
2023-01-19 02:00:00,1,EUR/USD,1.11016,1.11069,1.1092,1.10989,2592,0.9,1.110695,1.1083336,BUY,57.381150959132576,NEUTRAL,1.1103422122225068,1.109705750879421,0.0006364613430858,0.000892532125006,-0.0002560707819202,SELL,1.1104235,1.1124061433711605,1.1084408566288395,NEUTRAL,0.0014421428571428,1,0,-1,0,0,HOLD,0,1,0.552506157270773,BUY
2023-01-19 03:00:00,1,EUR/USD,1.10963,1.10988,1.10901,1.10958,3237,1.6,1.110408,1.1083858,BUY,48.8196411709156,NEUTRAL,1.1102249488036595,1.109696435999464,0.0005285128041958,0.000819728260844,-0.0002912154566481,SELL,1.110391,1.11240801081602,1.10837398918398,NEUTRAL,0.0013571428571428,1,0,-1,0,0,HOLD,0,1,0.5604305539723696,BUY
2023-01-19 04:00:00,1,EUR/USD,1.10894,1.10955,1.10861,1.10921,13023,1.2,1.110227,1.1084376,BUY,40.91836734693977,NEUTRAL,1.110068802833866,1.1096604037032074,0.0004083991306584,0.0007374624348069,-0.0003290633041484,SELL,1.110321,1.1124021626306224,1.1082398373693778,NEUTRAL,0.0012971428571428,1,0,-1,0,0,HOLD,1,1,0.5730269954903002,BUY
2023-01-19 05:00:00,1,EUR/USD,1.11037,1.11118,1.11034,1.1106,4928,1.9,1.110211,1.1085272000000002,BUY,45.48022598870035,NEUTRAL,1.1101505254748096,1.1097300034288955,0.0004205220459139,0.0006740743570283,-0.0002535523111144,SELL,1.110372,1.1124265261972288,1.108317473802771,NEUTRAL,0.0013928571428571,1,0,-1,0,0,HOLD,0,0,0.4466752753489444,SELL
2023-01-19 06:00:00,1,EUR/USD,1.10972,1.11064,1.10972,1.11046,2657,1.5,1.110246,1.108622,BUY,44.97206703910638,NEUTRAL,1.1101981369402236,1.1097840772489775,0.000414059691246,0.0006220714238718,-0.0002080117326257,SELL,1.1104205,1.1124327202977504,1.1084082797022496,NEUTRAL,0.0014428571428571,1,0,-1,0,0,HOLD,0,0,0.4963926450345612,SELL
2023-01-19 07:00:00,1,EUR/USD,1.10965,1.11029,1.1095,1.10951,4552,1.8,1.110103,1.1086684,BUY,36.36363636363693,NEUTRAL,1.1100922697186508,1.1097637752305347,0.0003284944881161,0.0005633560367207,-0.0002348615486046,SELL,1.1104175,1.1124352306169232,1.108399769383077,NEUTRAL,0.0013792857142857,1,0,-1,0,0,HOLD,1,0,0.44956389202870745,SELL
2023-01-19 08:00:00,1,EUR/USD,1.1096,1.11031,1.10884,1.10998,3777,1.0,1.109932,1.1087394000000002,BUY,44.70468431771939,NEUTRAL,1.110074997454243,1.1097797918801249,0.0002952055741183,0.0005097259442002,-0.0002145203700819,SELL,1.1105105,1.1122320840320217,1.1087889159679785,NEUTRAL,0.0013621428571428,1,0,-1,0,0,HOLD,0,1,0.5019309328781807,BUY
2023-01-19 09:00:00,1,EUR/USD,1.10899,1.10952,1.10854,1.10895,7131,1.0,1.109811,1.1087736,BUY,41.45420207743225,NEUTRAL,1.109901920922821,1.10971832581493,0.0001835951078907,0.0004444997769383,-0.0002609046690475,SELL,1.1104665,1.1123024942094697,1.1086305057905304,NEUTRAL,0.0013899999999999,1,0,-1,0,0,HOLD,0,0,0.4536352032993679,SELL
2023-01-19 10:00:00,1,EUR/USD,1.10806,1.10886,1.10804,1.10816,10030,1.1,1.1096780000000002,1.1087898,BUY,40.91332712022427,NEUTRAL,1.1096339330885407,1.1096028942730831,3.1038815457407054e-05,0.0003618075846421,-0.0003307687691847,SELL,1.110325,1.112410392806705,1.108239607193295,BUY,0.0013885714285714,1,0,-1,1,1,BUY,1,1,0.5308367179869505,BUY
2023-01-19 11:00:00,1,EUR/USD,1.1084,1.10872,1.10831,1.10864,2102,2.0,1.109498,1.1088132,BUY,38.92100192678249,NEUTRAL,1.1094810203056884,1.1095315687713734,-5.0548465684974175e-05,0.0002793363745767,-0.0003298848402617,SELL,1.110179,1.112308728423592,1.108049271576408,NEUTRAL,0.0013135714285714,1,0,-1,0,0,HOLD,1,1,0.5917090974045823,BUY
2023-01-19 12:00:00,1,EUR/USD,1.10915,1.11093,1.10889,1.10977,7596,1.6,1.109486,1.1088914,BUY,41.07806691449738,NEUTRAL,1.1095254787201978,1.1095492303438643,-2.3751623666523614e-05,0.000218718774928,-0.0002424703985946,SELL,1.1100905,1.112127168848969,1.1080538311510313,NEUTRAL,0.0013671428571428,1,0,-1,0,0,HOLD,1,0,0.4789000551242604,SELL
2023-01-19 13:00:00,1,EUR/USD,1.11054,1.11054,1.10949,1.11021,2642,1.6,1.109549,1.1089876,BUY,50.258531540847386,NEUTRAL,1.1096307896863211,1.109598176244319,3.261344200233829e-05,0.0001814977083429,-0.0001488842663405,SELL,1.1099785,1.111689101925559,1.108267898074441,NEUTRAL,0.0013071428571428,1,0,-1,0,0,HOLD,0,0,0.4918987902204342,SELL
2023-01-19 14:00:00,1,EUR/USD,1.10917,1.10917,1.10857,1.10908,1905,1.6,1.109536,1.109034,BUY,47.97630799605118,NEUTRAL,1.1095460528115026,1.109559792818814,-1.3740007311247028e-05,0.000142450165212,-0.0001561901725233,SELL,1.1098815,1.111563206839819,1.108199793160181,NEUTRAL,0.0012771428571428,1,0,-1,0,0,HOLD,0,1,0.5176955037234446,BUY
2023-01-19 15:00:00,1,EUR/USD,1.10858,1.10889,1.10792,1.10863,3256,1.4,1.109339,1.1090642000000002,BUY,40.60228452751752,NEUTRAL,1.1094051216097331,1.1094909192766795,-8.579766694638558e-05,9.680059878040224e-05,-0.0001825982657267,SELL,1.109775,1.1114918698569252,1.1080581301430747,NEUTRAL,0.0012649999999999,1,0,-1,0,0,HOLD,0,1,0.5342376392483018,BUY
2023-01-19 16:00:00,1,EUR/USD,1.10793,1.10832,1.10684,1.1083,6198,1.1,1.109123,1.1090728,BUY,41.5515409139212,NEUTRAL,1.1092351029005434,1.1094027030339626,-0.0001676001334192,4.3920452340479777e-05,-0.0002115205857596,SELL,1.1096845,1.1115141329802611,1.1078548670197388,NEUTRAL,0.0012864285714285,1,0,-1,0,0,HOLD,1,1,0.5578971458472963,BUY
2023-01-19 17:00:00,1,EUR/USD,1.10952,1.11009,1.10933,1.1094,3530,1.4,1.109112,1.1091184,SELL,49.11764705882315,NEUTRAL,1.1092604716850751,1.1094025028092245,-0.0001420311241493,6.730137042514945e-06,-0.0001487612611918,SELL,1.1096075,1.1113417964599168,1.1078732035400831,NEUTRAL,0.0013514285714285,-1,0,-1,0,-2,STRONG_SELL,1,1,0.5194618742972225,BUY
2023-01-19 18:00:00,1,EUR/USD,1.11055,1.11096,1.10988,1.11062,1998,1.3,1.1091760000000002,1.1092016,SELL,56.3800904977374,NEUTRAL,1.1094696298873714,1.109492687786319,-2.3057898947520528e-05,7.725298445078505e-07,-2.3830428792028377e-05,SELL,1.109554,1.1110700947062262,1.1080379052937737,NEUTRAL,0.0013935714285714,-1,0,-1,0,-2,STRONG_SELL,0,1,0.5428948005881297,BUY
2023-01-19 19:00:00,1,EUR/USD,1.11071,1.11071,1.11002,1.11055,3047,0.9,1.109336,1.1093014,BUY,49.74306269270243,NEUTRAL,1.1096358406739295,1.1095710072095546,6.483346437513582e-05,1.3584716750633445e-05,5.124874762450237e-05,BUY,1.1095735000000002,1.1111318564217454,1.108015143578255,NEUTRAL,0.0013021428571428,1,0,1,0,2,STRONG_BUY,0,1,0.535613543452717,BUY
2023-01-19 20:00:00,1,EUR/USD,1.10971,1.10999,1.10921,1.10987,1166,1.1,1.109507,1.1093732,BUY,47.12755598831492,NEUTRAL,1.109671865185633,1.1095931548236615,7.871036197149017e-05,2.660984579480479e-05,5.2100516176685385e-05,BUY,1.1095925000000002,1.1111558280964646,1.1080291719035358,NEUTRAL,0.0013321428571428,1,0,1,0,2,STRONG_BUY,1,1,0.5615047229555933,BUY
2023-01-19 21:00:00,1,EUR/USD,1.1105,1.11126,1.10974,1.11056,2188,1.4,1.1096989999999998,1.1094532,BUY,55.24475524475541,NEUTRAL,1.1098085013109202,1.109664772984872,0.0001437283260483,5.003354184551675e-05,9.369478420284786e-05,BUY,1.1095985000000002,1.1111763769881795,1.1080206230118206,NEUTRAL,0.0013721428571428,1,0,1,0,2,STRONG_BUY,1,0,0.4931935525438906,SELL
2023-01-19 22:00:00,1,EUR/USD,1.11118,1.11227,1.11118,1.11156,2695,1.8,1.109878,1.1095482,BUY,57.49525616698374,NEUTRAL,1.1100779626477018,1.1098051601711778,0.0002728024765239,9.458732878120298e-05,0.0001782151477427,BUY,1.109682,1.1114854539961263,1.1078785460038738,SELL,0.0013892857142856,1,0,1,-1,1,BUY,0,1,0.5082508621127239,BUY
2023-01-19 23:00:00,1,EUR/USD,1.11202,1.11202,1.11071,1.11155,3667,1.7,1.1100119999999998,1.1096566,BUY,63.65546218487365,NEUTRAL,1.1103044299326708,1.1099344075659054,0.0003700223667653,0.000149674336378,0.0002203480303872,BUY,1.1097804999999998,1.111766455689424,1.1077945443105757,NEUTRAL,0.0013799999999999,1,0,1,0,2,STRONG_BUY,1,0,0.4623192473542257,SELL
2023-01-20 00:00:00,1,EUR/USD,1.11136,1.11243,1.11136,1.11164,6013,1.0,1.110268,1.109767,BUY,69.72789115646256,NEUTRAL,1.1105099022507214,1.1100607477462088,0.0004491545045126,0.0002095703700049,0.0002395841345077,BUY,1.109902,1.1120330298968832,1.1077709701031166,NEUTRAL,0.0013914285714285,1,0,1,0,2,STRONG_BUY,1,0,0.4713419764292951,SELL
2023-01-20 01:00:00,1,EUR/USD,1.11254,1.11254,1.11235,1.11242,3324,1.7,1.1106470000000002,1.1098742,BUY,70.7236842105262,SELL,1.110803763442918,1.1102355071724157,0.0005682562705024,0.0002813075501044,0.000286948720398,BUY,1.109993,1.1123885493821803,1.1075974506178197,SELL,0.0014157142857142,1,-1,1,-1,0,HOLD,1,0,0.40664947109596106,SELL
2023-01-20 02:00:00,1,EUR/USD,1.11462,1.11491,1.1142,1.11431,1778,1.4,1.111248,1.110008,BUY,72.97570850202449,SELL,1.1113431844517,1.1105373214559404,0.0008058629957594,0.0003862186392354,0.000419644356524,BUY,1.1101855,1.1132612419302366,1.1071097580697635,SELL,0.00143,1,-1,1,-1,0,HOLD,1,0,0.37068628964339034,SELL
2023-01-20 03:00:00,1,EUR/USD,1.11454,1.1153,1.11423,1.11475,1800,1.1,1.111783,1.1101414,BUY,72.97570850202449,SELL,1.111867309920669,1.110849371718463,0.0010179382022057,0.0005125625518295,0.0005053756503762,BUY,1.1104475,1.1141164701696296,1.1067785298303705,SELL,0.0014314285714285,1,-1,1,-1,0,HOLD,0,0,0.3434891881337888,SELL
2023-01-20 04:00:00,1,EUR/USD,1.11464,1.11512,1.11433,1.11434,1893,1.8,1.112155,1.1102772,BUY,78.71179039301384,SELL,1.1122477237790276,1.111107936776355,0.0011397870026725,0.0006380074419981,0.0005017795606744,BUY,1.1106655,1.1147158123986538,1.1066151876013464,NEUTRAL,0.0013707142857142,1,-1,1,0,1,BUY,1,0,0.3144627948464538,SELL
2023-01-20 05:00:00,1,EUR/USD,1.11634,1.11665,1.1157,1.11603,1721,1.1,1.112703,1.110433,BUY,85.5769230769243,SELL,1.112829612428408,1.1114725340521805,0.0013570783762275,0.000781821628844,0.0005752567473835,BUY,1.1110194999999998,1.1156364594688732,1.1064025405311264,SELL,0.0014528571428571,1,-1,1,-1,0,HOLD,1,0,0.32451094142998166,SELL
2023-01-20 06:00:00,1,EUR/USD,1.11592,1.11653,1.11557,1.11622,4018,1.1,1.1133380000000002,1.1106156,BUY,88.5964912280709,SELL,1.1133512105163454,1.1118241981964636,0.0015270123198818,0.0009308597670515,0.0005961525528302,BUY,1.1114225,1.1163828220396692,1.1064621779603308,NEUTRAL,0.0013935714285714,1,-1,1,0,1,BUY,0,0,0.2295062212825383,SELL
2023-01-20 07:00:00,1,EUR/USD,1.11552,1.11602,1.11482,1.11517,3899,1.7,1.113799,1.1107432,BUY,78.25661116552472,SELL,1.1136310242830616,1.112072035367096,0.0015589889159655,0.0010564855968343,0.0005025033191311,BUY,1.111749,1.1167970257735989,1.1067009742264011,NEUTRAL,0.0013657142857142,1,-1,1,0,1,BUY,0,0,0.22398273088404785,SELL
2023-01-20 08:00:00,1,EUR/USD,1.11421,1.11471,1.11421,1.11439,1800,0.8,1.114082,1.1108586,BUY,69.29375639713467,NEUTRAL,1.113747789777975,1.1122437364510147,0.0015040533269603,0.0011459991428595,0.0003580541841007,BUY,1.11198,1.1170693779994658,1.106890622000534,NEUTRAL,0.0013228571428571,1,0,1,0,2,STRONG_BUY,0,0,0.374533715354142,SELL
2023-01-20 09:00:00,1,EUR/USD,1.11202,1.11239,1.11193,1.1122,3082,1.6,1.114147,1.110898,BUY,56.9386038687981,NEUTRAL,1.1135096682736711,1.1122404967139023,0.0012691715597688,0.0011706336262414,9.853793352738832e-05,BUY,1.1120795,1.1171005272591612,1.107058472740839,NEUTRAL,0.0014492857142857,1,0,1,0,2,STRONG_BUY,1,0,0.46513904748304435,SELL
2023-01-20 10:00:00,1,EUR/USD,1.1132,1.1132,1.11277,1.11296,3524,1.1,1.114279,1.110945,BUY,62.90726817042666,NEUTRAL,1.1134251039238756,1.1122937932536134,0.0011313106702621,0.0011627690350455,-3.145836478338909e-05,SELL,1.1122735,1.117102719289675,1.1074442807103249,NEUTRAL,0.0014249999999999,1,0,-1,0,0,HOLD,1,0,0.4723303170109983,SELL
2023-01-20 11:00:00,1,EUR/USD,1.1137,1.1137,1.11324,1.11331,1986,1.8,1.1143680000000002,1.1110196,BUY,61.8228718830616,NEUTRAL,1.1134073956278947,1.1123690678274198,0.0010383278004748,0.0011378807881314,-9.955298765656496e-05,SELL,1.1125075,1.1170376463901506,1.1079773536098494,NEUTRAL,0.0013692857142857,1,0,-1,0,0,HOLD,0,0,0.4549967655223691,SELL
2023-01-20 12:00:00,1,EUR/USD,1.11213,1.11231,1.11213,1.11218,3522,1.2,1.1141549999999998,1.1110734,BUY,52.63605442176814,NEUTRAL,1.1132185655312954,1.1123550628031664,0.0008635027281289,0.0010830051761309,-0.0002195024480019,SELL,1.1127015,1.1167830903763616,1.1086199096236384,NEUTRAL,0.0013314285714285,1,0,-1,0,0,HOLD,1,0,0.46447243828126006,SELL
2023-01-20 13:00:00,1,EUR/USD,1.11422,1.11444,1.11338,1.11377,4084,0.8,1.114057,1.1111574,BUY,58.32083958020981,NEUTRAL,1.1133034016034038,1.1124598729658948,0.000843528637509,0.0010351098684065,-0.0001915812308975,SELL,1.11292,1.1167152602019377,1.1091247397980626,NEUTRAL,0.0013992857142857,1,0,-1,0,0,HOLD,1,1,0.5097263287981707,BUY
2023-01-20 14:00:00,1,EUR/USD,1.11454,1.11481,1.11308,1.1142,3376,1.5,1.114043,1.111279,BUY,59.35672514619947,NEUTRAL,1.1134413398182648,1.1125887712647171,0.0008525685535474,0.0009986016054347,-0.0001460330518872,SELL,1.1130989999999998,1.1167732798793766,1.109424720120623,NEUTRAL,0.0014464285714285,1,0,-1,0,0,HOLD,1,0,0.46467627936293704,SELL
2023-01-20 15:00:00,1,EUR/USD,1.11491,1.11635,1.11491,1.11536,2260,1.5,1.113976,1.1113896,BUY,60.45519203413956,NEUTRAL,1.1137365183077623,1.1127940474673308,0.0009424708404317,0.0009873754524341,-4.49046120023788e-05,SELL,1.1133395,1.1169402161568949,1.109738783843105,NEUTRAL,0.0015357142857142,1,0,-1,0,0,HOLD,1,1,0.5187385940280703,BUY
2023-01-20 16:00:00,1,EUR/USD,1.11607,1.11695,1.11543,1.11577,2216,1.3,1.113931,1.1114852,BUY,55.80286168521488,NEUTRAL,1.1140493616450298,1.1130144883956763,0.0010348732493532,0.0009968750118179,3.799823753529615e-05,BUY,1.1136345,1.1169972649964688,1.110271735003531,NEUTRAL,0.0014714285714285,1,0,1,0,2,STRONG_BUY,1,0,0.4814883104434046,SELL
2023-01-20 17:00:00,1,EUR/USD,1.1161,1.11658,1.11526,1.11591,2751,1.0,1.114005,1.1115722,BUY,54.72312703583096,NEUTRAL,1.1143356136996403,1.1132289707367375,0.0011066429629029,0.0010188286020349,8.781436086801177e-05,BUY,1.113902,1.1170811465257215,1.1107228534742783,NEUTRAL,0.0014892857142857,1,0,1,0,2,STRONG_BUY,1,0,0.490728339560855,SELL
2023-01-20 18:00:00,1,EUR/USD,1.11855,1.11855,1.11754,1.1181,2056,1.6,1.114376,1.1117034,BUY,63.37126600284494,NEUTRAL,1.114914750053542,1.1135897877192014,0.0013249623343405,0.001080055348496,0.0002449069858444,BUY,1.114229,1.117723590707216,1.1107344092927842,SELL,0.0016214285714285,1,0,1,-1,1,BUY,0,1,0.5474915730390851,BUY
2023-01-20 19:00:00,1,EUR/USD,1.11743,1.11823,1.11735,1.11756,7405,1.6,1.114912,1.1118056,BUY,55.9256390395044,NEUTRAL,1.1153217115837664,1.113883877517779,0.0014378340659872,0.0011516110919943,0.0002862229739929,BUY,1.1145295000000002,1.1180871543130224,1.110971845686978,NEUTRAL,0.0015192857142857,1,0,1,0,2,STRONG_BUY,0,0,0.4623893116568861,SELL
2023-01-20 20:00:00,1,EUR/USD,1.11747,1.11747,1.11632,1.11719,3668,2.0,1.115335,1.111929,BUY,53.70511841100036,NEUTRAL,1.1156091405708792,1.114128775479425,0.0014803650914543,0.0012173618918863,0.000263003199568,BUY,1.114807,1.1182804851299253,1.1113335148700745,NEUTRAL,0.0015392857142857,1,0,1,0,2,STRONG_BUY,1,0,0.45325459928460016,SELL
2023-01-20 21:00:00,1,EUR/USD,1.11733,1.11825,1.11599,1.1177,2549,1.5,1.1157739999999998,1.1120678,BUY,60.079681274899855,NEUTRAL,1.1159308112522826,1.114393310629097,0.0015375006231854,0.0012813896381461,0.0002561109850393,BUY,1.115071,1.1185829938856835,1.111559006114316,NEUTRAL,0.0016007142857142,1,0,1,0,2,STRONG_BUY,1,1,0.5238374042289703,BUY
2023-01-20 22:00:00,1,EUR/USD,1.11866,1.11866,1.11715,1.11813,2361,0.8,1.1163690000000002,1.1122282,BUY,65.32786885245878,NEUTRAL,1.1162691479827007,1.114670102434349,0.0015990455483516,0.0013449208201872,0.0002541247281644,BUY,1.115262,1.1190074736191875,1.1115165263808122,NEUTRAL,0.0016399999999999,1,0,1,0,2,STRONG_BUY,0,1,0.5361296698933011,BUY
2023-01-20 23:00:00,1,EUR/USD,1.11828,1.11842,1.11788,1.11797,3396,1.9,1.116789,1.1123688,BUY,78.36774827924998,SELL,1.1165308175238238,1.114914539291064,0.0016162782327597,0.0013991923027017,0.000217085930058,BUY,1.1154229999999998,1.119348313799113,1.1114976862008867,NEUTRAL,0.0015028571428571,1,-1,1,0,1,BUY,0,0,0.28260792685549696,SELL
2023-01-21 00:00:00,1,EUR/USD,1.11643,1.11705,1.11635,1.1167,4664,2.0,1.117039,1.112469,BUY,67.50936329587938,NEUTRAL,1.1165568455970816,1.115046795639874,0.0015100499572076,0.0014213638336029,8.868612360467547e-05,BUY,1.115541,1.1194711206624617,1.111610879337538,NEUTRAL,0.0015471428571428,1,0,1,0,2,STRONG_BUY,0,0,0.4631582762123284,SELL
2023-01-21 01:00:00,1,EUR/USD,1.1164,1.1164,1.11595,1.116,2807,0.9,1.117103,1.1125858,BUY,62.19401631912943,NEUTRAL,1.1164711770436844,1.1151174033702538,0.0013537736734305,0.0014078458015684,-5.407212813786973e-05,SELL,1.1155395,1.1194688576548089,1.1116101423451914,NEUTRAL,0.0015478571428571,1,0,-1,0,0,HOLD,0,1,0.5265455571761728,BUY
2023-01-21 02:00:00,1,EUR/USD,1.11517,1.11553,1.11517,1.11542,2728,1.1,1.117068,1.1127044,BUY,65.45801526717548,NEUTRAL,1.1163094574985022,1.1151398179354202,0.001169639563082,0.0013602045538711,-0.0001905649907891,SELL,1.1154995,1.1194159563736583,1.1115830436263412,NEUTRAL,0.0015228571428571,1,0,-1,0,0,HOLD,0,1,0.5126501521871067,BUY
2023-01-21 03:00:00,1,EUR/USD,1.11349,1.11464,1.11344,1.11369,5043,1.2,1.116846,1.1127694,BUY,49.62335216572573,NEUTRAL,1.1159064640371943,1.115032424014278,0.0008740400229163,0.0012629716476802,-0.0003889316247638,SELL,1.1154255000000002,1.119423254501353,1.1114277454986474,NEUTRAL,0.0015028571428571,1,0,-1,0,0,HOLD,0,1,0.5903227801138863,BUY
2023-01-21 04:00:00,1,EUR/USD,1.11272,1.11335,1.11272,1.11315,2373,1.1,1.116351,1.1128346,BUY,45.10717614165908,NEUTRAL,1.115482392646857,1.1148929851984055,0.0005894074484511,0.0011282588078343,-0.0005388513593832,SELL,1.1153635,1.119465962803376,1.1112610371966238,NEUTRAL,0.0014485714285714,1,0,-1,0,0,HOLD,1,1,0.6858350108211968,BUY
2023-01-21 05:00:00,1,EUR/USD,1.11365,1.11365,1.11317,1.11335,2464,1.0,1.11593,1.11291,BUY,39.71340839304124,NEUTRAL,1.115154332239648,1.1147786899985237,0.0003756422411242,0.0009777354944923,-0.000602093253368,SELL,1.115421,1.1193659842906007,1.1114760157093992,NEUTRAL,0.0013307142857143,1,0,-1,0,0,HOLD,0,1,0.6970644465515754,BUY
2023-01-21 06:00:00,1,EUR/USD,1.11272,1.11379,1.11272,1.11332,2490,1.5,1.1155430000000002,1.1129922,BUY,36.95420660277038,NEUTRAL,1.1148721272797022,1.114670638887522,0.0002014883921801,0.0008224860740299,-0.0006209976818497,SELL,1.115439,1.1193397416299484,1.1115382583700515,NEUTRAL,0.0012935714285714,1,0,-1,0,0,HOLD,1,1,0.6544602213296755,BUY
2023-01-21 07:00:00,1,EUR/USD,1.11318,1.1143,1.11318,1.11365,4405,1.4,1.1151380000000002,1.1130532,BUY,38.204592901879735,NEUTRAL,1.1146841076982097,1.1145950360069647,8.907169124472425e-05,0.0006758031974728,-0.0005867315062281,SELL,1.115456,1.1193204691880927,1.111591530811907,NEUTRAL,0.0012792857142857,1,0,-1,0,0,HOLD,0,1,0.6192156417158106,BUY
2023-01-21 08:00:00,1,EUR/USD,1.11338,1.11403,1.11305,1.11356,2811,1.4,1.114681,1.1131152,BUY,19.652406417113,BUY,1.1145111680523312,1.1145183666731155,-7.198620784354404e-06,0.0005392028338214,-0.0005464014546057,SELL,1.115525,1.1191871678941123,1.111862832105888,NEUTRAL,0.0011607142857143,1,1,-1,0,1,BUY,0,1,0.601216727701031,BUY
2023-01-21 09:00:00,1,EUR/USD,1.11323,1.11323,1.11194,1.11285,4191,1.8,1.114169,1.113182,BUY,19.21568627450992,BUY,1.114255603736588,1.1143947839565884,-0.0001391802200003,0.000403526223057,-0.0005427064430574,SELL,1.115479,1.1192553190097785,1.1117026809902215,NEUTRAL,0.0012135714285714,1,1,-1,0,1,BUY,1,1,0.6093047489547012,BUY
2023-01-21 10:00:00,1,EUR/USD,1.11358,1.11437,1.11314,1.11329,2908,1.7,1.113828,1.1132482,BUY,24.740932642487508,BUY,1.1141070493155745,1.1143129481079523,-0.0002058987923778,0.00028164121997,-0.0004875400123479,SELL,1.1154335000000002,1.1192956579733333,1.111571342026667,NEUTRAL,0.0012335714285714,1,1,-1,0,1,BUY,0,1,0.5991075639805357,BUY
2023-01-21 11:00:00,1,EUR/USD,1.11159,1.11358,1.11091,1.11173,5003,1.8,1.113401,1.1133038,BUY,15.963511972634862,BUY,1.1137413494208708,1.1141216186184744,-0.0003802691976035,0.0001492591364553,-0.0005295283340589,SELL,1.115252,1.1194548541681035,1.1110491458318963,NEUTRAL,0.0012628571428571,1,1,-1,0,1,BUY,0,1,0.584412807892397,BUY
2023-01-21 12:00:00,1,EUR/USD,1.10974,1.11035,1.10897,1.10983,2639,1.9,1.112842,1.1133372,SELL,9.47265624999936,BUY,1.1131396033561214,1.1138037209430318,-0.0006641175869104,-1.3416208217802058e-05,-0.0006507013786926,SELL,1.114955,1.1197949543277994,1.1101150456722009,BUY,0.0013521428571429,-1,1,-1,1,0,HOLD,0,1,0.6023311199156227,BUY
2023-01-21 13:00:00,1,EUR/USD,1.10938,1.10965,1.10881,1.1095,11411,1.6,1.1124230000000002,1.1133544,SELL,9.317963496637203,BUY,1.1125796643782566,1.1134849267991036,-0.0009052624208469,-0.0001917854507436,-0.0007134769701033,SELL,1.1146345,1.1200257227887869,1.109243277211213,NEUTRAL,0.0013864285714286,-1,1,-1,0,-1,SELL,1,1,0.5205896545756022,BUY
2023-01-21 14:00:00,1,EUR/USD,1.10944,1.11067,1.10901,1.10983,3322,1.0,1.112091,1.1133556,SELL,13.727560718057733,BUY,1.112156639089294,1.1132141914806517,-0.0010575523913574,-0.0003649388388663,-0.000692613552491,SELL,1.114221,1.1197596485146517,1.1086823514853483,NEUTRAL,0.0013892857142857,-1,1,-1,0,-1,SELL,0,1,0.5880852798966526,BUY
2023-01-21 15:00:00,1,EUR/USD,1.10876,1.10912,1.10822,1.10861,2403,1.1,1.111617,1.1133236000000002,SELL,13.013013013013593,BUY,1.1116110023063257,1.1128731402598624,-0.0012621379535366,-0.0005443786618004,-0.0007177592917362,SELL,1.1137735,1.119614250762882,1.1079327492371178,NEUTRAL,0.0014507142857143,-1,1,-1,0,-1,SELL,0,1,0.5976913055139481,BUY
2023-01-21 16:00:00,1,EUR/USD,1.10722,1.10751,1.10671,1.10739,2081,1.5,1.111024,1.1132898,SELL,12.229539040452138,BUY,1.110961617336122,1.112466981722095,-0.001505364385973,-0.0007365758066349,-0.000768788579338,SELL,1.1132835,1.1195464714656354,1.1070205285343648,NEUTRAL,0.0015271428571429,-1,1,-1,0,-1,SELL,0,1,0.5766758529713217,BUY
2023-01-21 17:00:00,1,EUR/USD,1.1073,1.10735,1.10687,1.10713,1828,1.1,1.110372,1.1132598,SELL,14.192139737991695,BUY,1.1103721377459492,1.1120716497426804,-0.0016995119967311,-0.0009291630446542,-0.0007703489520769,SELL,1.112755,1.1192291055062198,1.10628089449378,NEUTRAL,0.0014228571428572,-1,1,-1,0,-1,SELL,1,1,0.6173430656532434,BUY
2023-01-21 18:00:00,1,EUR/USD,1.10729,1.10775,1.10712,1.10758,3894,1.7,1.109774,1.1132454,SELL,19.29437706725548,BUY,1.1099425780927263,1.1117389349469262,-0.0017963568541998,-0.0011026018065633,-0.0006937550476365,SELL,1.1122275,1.1185755883985795,1.1058794116014206,NEUTRAL,0.0013985714285714,-1,1,-1,0,-1,SELL,1,1,0.5429545076888823,BUY
2023-01-21 19:00:00,1,EUR/USD,1.10871,1.10902,1.10829,1.10895,2615,1.4,1.109384,1.1132364,SELL,28.515625000001197,BUY,1.1097898737707683,1.1115323471730798,-0.0017424734023114,-0.0012305761257129,-0.0005118972765985,SELL,1.1117765000000002,1.1176723371576782,1.105880662842322,NEUTRAL,0.0014657142857143,-1,1,-1,0,-1,SELL,0,1,0.5993993960345387,BUY
