DateTime,PairID,PairName,Open,High,Low,Close,Volume,Spread
2023-01-01 00:00:00,1,EUR/USD,1.08103,1.08103,1.08019,1.08054,2651,0.9
2023-01-01 01:00:00,1,EUR/USD,1.0801,1.08043,1.07974,1.08028,2292,1.0
2023-01-01 02:00:00,1,EUR/USD,1.08036,1.08158,1.07961,1.08054,1796,1.2
2023-01-01 03:00:00,1,EUR/USD,1.08068,1.08126,1.07973,1.08088,4019,1.4
2023-01-01 04:00:00,1,EUR/USD,1.08042,1.08042,1.07967,1.0803,2207,1.6
2023-01-01 05:00:00,1,EUR/USD,1.07981,1.08053,1.07981,1.07998,2972,1.9
2023-01-01 06:00:00,1,EUR/USD,1.08023,1.08153,1.08023,1.08087,1534,2.0
2023-01-01 07:00:00,1,EUR/USD,1.08075,1.0812,1.08061,1.08108,1350,1.1
2023-01-01 08:00:00,1,EUR/USD,1.08001,1.08116,1.08001,1.08058,3505,0.9
2023-01-01 09:00:00,1,EUR/USD,1.08046,1.08048,1.07969,1.08017,4348,0.9
2023-01-01 10:00:00,1,EUR/USD,1.07958,1.07958,1.07908,1.07926,2345,1.2
2023-01-01 11:00:00,1,EUR/USD,1.07933,1.0797,1.07858,1.07906,3457,1.4
2023-01-01 12:00:00,1,EUR/USD,1.07995,1.07995,1.07926,1.07945,2928,1.4
2023-01-01 13:00:00,1,EUR/USD,1.08068,1.08136,1.08068,1.08114,5020,1.4
2023-01-01 14:00:00,1,EUR/USD,1.08073,1.0811,1.0801,1.0809,1989,1.9
2023-01-01 15:00:00,1,EUR/USD,1.08044,1.08063,1.07973,1.08036,3488,1.0
2023-01-01 16:00:00,1,EUR/USD,1.08036,1.08099,1.08009,1.08047,2450,1.8
2023-01-01 17:00:00,1,EUR/USD,1.07876,1.08032,1.0787,1.07888,2579,1.2
2023-01-01 18:00:00,1,EUR/USD,1.07877,1.07893,1.07769,1.07871,3390,2.0
2023-01-01 19:00:00,1,EUR/USD,1.07828,1.07864,1.07773,1.07863,1814,0.8
2023-01-01 20:00:00,1,EUR/USD,1.07879,1.08002,1.07859,1.07869,2929,2.0
2023-01-01 21:00:00,1,EUR/USD,1.07718,1.07785,1.07681,1.07743,4387,1.7
2023-01-01 22:00:00,1,EUR/USD,1.07965,1.0797,1.07863,1.07895,1816,0.8
2023-01-01 23:00:00,1,EUR/USD,1.07834,1.07925,1.07786,1.07833,2483,1.1
2023-01-02 00:00:00,1,EUR/USD,1.07769,1.07769,1.07669,1.07719,2014,1.9
2023-01-02 01:00:00,1,EUR/USD,1.07718,1.07718,1.07654,1.07684,3878,1.5
2023-01-02 02:00:00,1,EUR/USD,1.07536,1.07536,1.07497,1.07511,1606,1.7
2023-01-02 03:00:00,1,EUR/USD,1.07376,1.07402,1.07304,1.07369,4553,0.8
2023-01-02 04:00:00,1,EUR/USD,1.07416,1.07439,1.073,1.07401,1643,1.7
2023-01-02 05:00:00,1,EUR/USD,1.07496,1.07511,1.0741,1.07471,5620,1.8
2023-01-02 06:00:00,1,EUR/USD,1.07535,1.07661,1.07535,1.07559,1910,2.0
2023-01-02 07:00:00,1,EUR/USD,1.07511,1.07519,1.07459,1.07472,3900,1.4
2023-01-02 08:00:00,1,EUR/USD,1.07416,1.07589,1.0741,1.07443,1745,1.9
2023-01-02 09:00:00,1,EUR/USD,1.07481,1.07502,1.07455,1.07495,4396,1.3
2023-01-02 10:00:00,1,EUR/USD,1.07407,1.07493,1.07407,1.07447,3250,1.5
2023-01-02 11:00:00,1,EUR/USD,1.07523,1.07523,1.07445,1.07489,3058,1.7
2023-01-02 12:00:00,1,EUR/USD,1.07575,1.07662,1.07531,1.07605,3856,1.8
2023-01-02 13:00:00,1,EUR/USD,1.07707,1.07707,1.07613,1.0766,2991,1.6
2023-01-02 14:00:00,1,EUR/USD,1.07787,1.07798,1.07746,1.07763,2025,1.5
2023-01-02 15:00:00,1,EUR/USD,1.0768,1.0774,1.0768,1.07737,3564,1.5
2023-01-02 16:00:00,1,EUR/USD,1.07652,1.07745,1.07652,1.07687,2084,1.5
2023-01-02 17:00:00,1,EUR/USD,1.07804,1.07888,1.0766,1.0776,4511,2.0
2023-01-02 18:00:00,1,EUR/USD,1.07569,1.07569,1.07506,1.07542,2005,0.8
2023-01-02 19:00:00,1,EUR/USD,1.07518,1.07571,1.0744,1.07529,2542,1.1
2023-01-02 20:00:00,1,EUR/USD,1.07749,1.07749,1.07651,1.07719,8613,1.3
2023-01-02 21:00:00,1,EUR/USD,1.07823,1.0787,1.07761,1.0783,7600,0.9
2023-01-02 22:00:00,1,EUR/USD,1.0744,1.07536,1.0744,1.07481,6742,1.6
2023-01-02 23:00:00,1,EUR/USD,1.07329,1.07334,1.07302,1.07327,9643,1.8
2023-01-03 00:00:00,1,EUR/USD,1.07202,1.07246,1.07202,1.07222,3086,1.9
2023-01-03 01:00:00,1,EUR/USD,1.07161,1.07282,1.07112,1.0718,8566,1.5
2023-01-03 02:00:00,1,EUR/USD,1.07144,1.07196,1.07144,1.07164,2686,1.8
2023-01-03 03:00:00,1,EUR/USD,1.07142,1.07145,1.07092,1.07111,6162,1.9
2023-01-03 04:00:00,1,EUR/USD,1.0718,1.07232,1.07154,1.07198,4331,2.0
2023-01-03 05:00:00,1,EUR/USD,1.07242,1.0736,1.07198,1.07264,5329,1.9
2023-01-03 06:00:00,1,EUR/USD,1.07267,1.07299,1.07196,1.0724,5725,1.2
2023-01-03 07:00:00,1,EUR/USD,1.07234,1.07255,1.07197,1.07243,2193,1.9
2023-01-03 08:00:00,1,EUR/USD,1.0732,1.0732,1.07209,1.07253,1802,1.6
2023-01-03 09:00:00,1,EUR/USD,1.071,1.07164,1.07087,1.07123,2967,1.5
2023-01-03 10:00:00,1,EUR/USD,1.07217,1.07235,1.07183,1.07227,3664,1.5
2023-01-03 11:00:00,1,EUR/USD,1.07185,1.0719,1.07156,1.07167,4611,0.9
2023-01-03 12:00:00,1,EUR/USD,1.07005,1.07087,1.06973,1.07012,3482,1.3
2023-01-03 13:00:00,1,EUR/USD,1.07148,1.07186,1.07148,1.0717,2909,0.9
2023-01-03 14:00:00,1,EUR/USD,1.07253,1.07253,1.07176,1.07204,2823,1.1
2023-01-03 15:00:00,1,EUR/USD,1.07249,1.07266,1.07223,1.07247,4874,2.0
2023-01-03 16:00:00,1,EUR/USD,1.07274,1.07299,1.07256,1.07258,6158,1.3
2023-01-03 17:00:00,1,EUR/USD,1.07357,1.07425,1.07263,1.07361,4856,1.5
2023-01-03 18:00:00,1,EUR/USD,1.07253,1.07303,1.07156,1.0727,2039,2.0
2023-01-03 19:00:00,1,EUR/USD,1.07305,1.07389,1.07267,1.07287,4842,1.0
2023-01-03 20:00:00,1,EUR/USD,1.0713,1.07243,1.07082,1.07145,1265,2.0
2023-01-03 21:00:00,1,EUR/USD,1.07211,1.07305,1.07211,1.0729,1899,1.1
2023-01-03 22:00:00,1,EUR/USD,1.07311,1.07311,1.07266,1.07291,1747,1.9
2023-01-03 23:00:00,1,EUR/USD,1.07309,1.07349,1.07247,1.07275,6442,1.2
2023-01-04 00:00:00,1,EUR/USD,1.07315,1.07351,1.07228,1.07311,5375,1.5
2023-01-04 01:00:00,1,EUR/USD,1.07285,1.07373,1.07285,1.07318,2605,0.8
2023-01-04 02:00:00,1,EUR/USD,1.07409,1.07461,1.07336,1.07387,5060,1.3
2023-01-04 03:00:00,1,EUR/USD,1.07205,1.07246,1.07191,1.07199,1006,1.7
2023-01-04 04:00:00,1,EUR/USD,1.07371,1.07447,1.07282,1.07373,3612,1.4
2023-01-04 05:00:00,1,EUR/USD,1.07366,1.0743,1.07292,1.0737,2870,1.0
2023-01-04 06:00:00,1,EUR/USD,1.07375,1.07459,1.07375,1.07409,2888,1.6
2023-01-04 07:00:00,1,EUR/USD,1.07485,1.07536,1.07485,1.07512,2254,0.9
2023-01-04 08:00:00,1,EUR/USD,1.07461,1.07556,1.07461,1.075,7961,0.8
2023-01-04 09:00:00,1,EUR/USD,1.07531,1.07531,1.07439,1.07504,2185,1.7
2023-01-04 10:00:00,1,EUR/USD,1.07373,1.07478,1.07373,1.07447,1397,1.4
2023-01-04 11:00:00,1,EUR/USD,1.07595,1.07639,1.07541,1.07594,4838,1.4
2023-01-04 12:00:00,1,EUR/USD,1.07586,1.07631,1.07493,1.0758,2042,0.8
2023-01-04 13:00:00,1,EUR/USD,1.07402,1.07484,1.07392,1.07427,2501,1.9
2023-01-04 14:00:00,1,EUR/USD,1.07656,1.07656,1.07608,1.07608,3098,1.5
2023-01-04 15:00:00,1,EUR/USD,1.07503,1.07539,1.0743,1.07515,2134,1.2
2023-01-04 16:00:00,1,EUR/USD,1.07633,1.07718,1.0754,1.07615,2153,1.0
2023-01-04 17:00:00,1,EUR/USD,1.07482,1.07607,1.07482,1.07563,4197,2.0
2023-01-04 18:00:00,1,EUR/USD,1.07561,1.07586,1.07506,1.07537,3829,1.9
2023-01-04 19:00:00,1,EUR/USD,1.07462,1.07542,1.07345,1.07432,2036,1.0
2023-01-04 20:00:00,1,EUR/USD,1.07351,1.07447,1.07262,1.0735,3394,1.1
2023-01-04 21:00:00,1,EUR/USD,1.07342,1.07342,1.07238,1.07253,1332,0.9
2023-01-04 22:00:00,1,EUR/USD,1.07142,1.07181,1.07107,1.0716,4527,1.7
2023-01-04 23:00:00,1,EUR/USD,1.06983,1.07078,1.06909,1.07039,1778,1.9
2023-01-05 00:00:00,1,EUR/USD,1.07074,1.07111,1.07074,1.07079,5344,1.0
2023-01-05 01:00:00,1,EUR/USD,1.07096,1.07138,1.07075,1.07106,2541,1.8
2023-01-05 02:00:00,1,EUR/USD,1.07127,1.07249,1.07091,1.07137,5434,1.3
2023-01-05 03:00:00,1,EUR/USD,1.07127,1.0713,1.06974,1.07094,1955,1.4
2023-01-05 04:00:00,1,EUR/USD,1.07058,1.0714,1.07058,1.07129,3353,0.9
2023-01-05 05:00:00,1,EUR/USD,1.07183,1.0722,1.07181,1.07211,2440,1.8
2023-01-05 06:00:00,1,EUR/USD,1.07287,1.07401,1.07269,1.07279,2369,1.1
2023-01-05 07:00:00,1,EUR/USD,1.07177,1.07269,1.07166,1.07188,4512,1.8
2023-01-05 08:00:00,1,EUR/USD,1.07171,1.07211,1.07135,1.07159,4352,1.7
2023-01-05 09:00:00,1,EUR/USD,1.07008,1.07134,1.07006,1.0706,3430,1.2
2023-01-05 10:00:00,1,EUR/USD,1.06868,1.0695,1.06835,1.0687,3428,1.4
2023-01-05 11:00:00,1,EUR/USD,1.06807,1.06807,1.06747,1.06749,4004,1.9
2023-01-05 12:00:00,1,EUR/USD,1.06708,1.06708,1.06565,1.06665,6611,1.9
2023-01-05 13:00:00,1,EUR/USD,1.06692,1.06692,1.06569,1.06611,3873,1.3
2023-01-05 14:00:00,1,EUR/USD,1.06541,1.06616,1.0654,1.06594,4498,1.2
2023-01-05 15:00:00,1,EUR/USD,1.06553,1.06669,1.06553,1.06602,2616,1.3
2023-01-05 16:00:00,1,EUR/USD,1.06574,1.0659,1.06432,1.06575,2655,1.5
2023-01-05 17:00:00,1,EUR/USD,1.06624,1.06704,1.06622,1.0665,2745,2.0
2023-01-05 18:00:00,1,EUR/USD,1.06923,1.06927,1.06923,1.06924,3291,1.0
2023-01-05 19:00:00,1,EUR/USD,1.06953,1.07046,1.06849,1.06909,788,1.3
2023-01-05 20:00:00,1,EUR/USD,1.0703,1.07153,1.07023,1.07042,1474,1.6
2023-01-05 21:00:00,1,EUR/USD,1.06974,1.06978,1.06955,1.06958,2025,1.6
2023-01-05 22:00:00,1,EUR/USD,1.07051,1.07096,1.07008,1.07036,1617,0.9
2023-01-05 23:00:00,1,EUR/USD,1.0712,1.07156,1.07062,1.07112,3382,1.3
2023-01-06 00:00:00,1,EUR/USD,1.06986,1.07029,1.06964,1.06996,3508,1.3
2023-01-06 01:00:00,1,EUR/USD,1.06905,1.06929,1.06819,1.06862,1240,1.1
2023-01-06 02:00:00,1,EUR/USD,1.0678,1.06819,1.06614,1.06726,3312,1.7
2023-01-06 03:00:00,1,EUR/USD,1.06704,1.06767,1.06704,1.06715,5843,0.8
2023-01-06 04:00:00,1,EUR/USD,1.06772,1.06839,1.06676,1.06748,3246,2.0
2023-01-06 05:00:00,1,EUR/USD,1.06676,1.06797,1.06676,1.06728,3928,1.5
2023-01-06 06:00:00,1,EUR/USD,1.0687,1.0687,1.06825,1.06838,6855,1.0
2023-01-06 07:00:00,1,EUR/USD,1.06959,1.06959,1.06903,1.06947,911,0.9
2023-01-06 08:00:00,1,EUR/USD,1.06978,1.07041,1.06978,1.07002,2195,1.1
2023-01-06 09:00:00,1,EUR/USD,1.0687,1.06923,1.06804,1.06851,1240,1.4
2023-01-06 10:00:00,1,EUR/USD,1.06927,1.06927,1.06858,1.06904,2235,1.4
2023-01-06 11:00:00,1,EUR/USD,1.06906,1.07008,1.06864,1.06917,3365,0.9
2023-01-06 12:00:00,1,EUR/USD,1.06972,1.07008,1.0688,1.06913,4246,1.8
2023-01-06 13:00:00,1,EUR/USD,1.06797,1.06911,1.06797,1.06853,5282,0.9
2023-01-06 14:00:00,1,EUR/USD,1.06803,1.06879,1.06803,1.06845,3605,1.8
2023-01-06 15:00:00,1,EUR/USD,1.06896,1.06979,1.06854,1.06911,4090,1.4
2023-01-06 16:00:00,1,EUR/USD,1.06916,1.06968,1.06916,1.06957,1736,1.9
2023-01-06 17:00:00,1,EUR/USD,1.07054,1.0713,1.07054,1.07069,4643,1.8
2023-01-06 18:00:00,1,EUR/USD,1.0707,1.07104,1.07056,1.07079,3331,1.2
2023-01-06 19:00:00,1,EUR/USD,1.07041,1.07042,1.07021,1.07028,1135,1.7
2023-01-06 20:00:00,1,EUR/USD,1.07167,1.07218,1.07124,1.07139,3106,1.9
2023-01-06 21:00:00,1,EUR/USD,1.07236,1.07318,1.07216,1.07253,860,1.6
2023-01-06 22:00:00,1,EUR/USD,1.07188,1.07283,1.0712,1.07205,2416,1.2
2023-01-06 23:00:00,1,EUR/USD,1.07113,1.07229,1.07113,1.07175,1629,1.6
2023-01-07 00:00:00,1,EUR/USD,1.07302,1.07302,1.07278,1.0728,1700,2.0
2023-01-07 01:00:00,1,EUR/USD,1.07271,1.07384,1.07234,1.07321,3093,1.0
2023-01-07 02:00:00,1,EUR/USD,1.07293,1.07293,1.0722,1.07254,6064,1.6
2023-01-07 03:00:00,1,EUR/USD,1.07171,1.07212,1.07171,1.07193,2096,1.4
2023-01-07 04:00:00,1,EUR/USD,1.07347,1.07456,1.07326,1.07359,3438,1.6
2023-01-07 05:00:00,1,EUR/USD,1.07339,1.07441,1.07339,1.07395,1589,1.1
2023-01-07 06:00:00,1,EUR/USD,1.07399,1.07488,1.07364,1.07391,2956,1.4
2023-01-07 07:00:00,1,EUR/USD,1.07562,1.07584,1.07501,1.07519,1692,1.5
2023-01-07 08:00:00,1,EUR/USD,1.07618,1.07618,1.0755,1.07582,4492,1.6
2023-01-07 09:00:00,1,EUR/USD,1.07615,1.07691,1.07554,1.07636,3790,1.9
2023-01-07 10:00:00,1,EUR/USD,1.07592,1.07626,1.07554,1.07618,3584,1.8
2023-01-07 11:00:00,1,EUR/USD,1.07603,1.07603,1.07576,1.07576,1415,2.0
2023-01-07 12:00:00,1,EUR/USD,1.075,1.075,1.07395,1.0743,2555,1.7
2023-01-07 13:00:00,1,EUR/USD,1.07492,1.07492,1.07451,1.07453,1449,1.9
2023-01-07 14:00:00,1,EUR/USD,1.07372,1.07416,1.07348,1.07405,3185,1.2
2023-01-07 15:00:00,1,EUR/USD,1.07342,1.07356,1.07323,1.0733,2291,0.8
2023-01-07 16:00:00,1,EUR/USD,1.07559,1.07559,1.07468,1.07498,1445,1.0
2023-01-07 17:00:00,1,EUR/USD,1.07298,1.07298,1.07209,1.07262,5740,1.1
2023-01-07 18:00:00,1,EUR/USD,1.07297,1.07337,1.07233,1.07332,1390,2.0
2023-01-07 19:00:00,1,EUR/USD,1.07234,1.07306,1.07234,1.07257,2133,0.8
2023-01-07 20:00:00,1,EUR/USD,1.07159,1.072,1.07119,1.07123,3538,1.7
2023-01-07 21:00:00,1,EUR/USD,1.07142,1.07197,1.0714,1.07172,3503,0.8
2023-01-07 22:00:00,1,EUR/USD,1.07239,1.07239,1.07188,1.07193,2125,1.0
2023-01-07 23:00:00,1,EUR/USD,1.07335,1.07426,1.07335,1.07386,3953,1.8
2023-01-08 00:00:00,1,EUR/USD,1.0726,1.0744,1.0726,1.07338,1350,1.6
2023-01-08 01:00:00,1,EUR/USD,1.07419,1.0744,1.07394,1.0742,2240,0.9
2023-01-08 02:00:00,1,EUR/USD,1.07448,1.07482,1.07339,1.07419,2669,1.2
2023-01-08 03:00:00,1,EUR/USD,1.07414,1.07469,1.07414,1.07422,2855,0.9
2023-01-08 04:00:00,1,EUR/USD,1.07335,1.07335,1.07218,1.07315,2240,1.0
2023-01-08 05:00:00,1,EUR/USD,1.07435,1.07435,1.07333,1.07376,3565,1.8
2023-01-08 06:00:00,1,EUR/USD,1.07455,1.07506,1.07416,1.07472,5760,1.3
2023-01-08 07:00:00,1,EUR/USD,1.07482,1.07515,1.07376,1.07494,3301,0.9
2023-01-08 08:00:00,1,EUR/USD,1.07437,1.0745,1.07406,1.07424,3871,1.6
2023-01-08 09:00:00,1,EUR/USD,1.07332,1.07521,1.07332,1.07362,4344,2.0
2023-01-08 10:00:00,1,EUR/USD,1.07333,1.07372,1.07333,1.07366,2621,1.8
2023-01-08 11:00:00,1,EUR/USD,1.07127,1.07237,1.07127,1.07187,1899,1.2
2023-01-08 12:00:00,1,EUR/USD,1.07196,1.07267,1.07121,1.07211,5111,1.9
2023-01-08 13:00:00,1,EUR/USD,1.07233,1.07294,1.07176,1.07207,3260,1.1
2023-01-08 14:00:00,1,EUR/USD,1.07378,1.07439,1.07332,1.07365,3816,1.0
2023-01-08 15:00:00,1,EUR/USD,1.0734,1.0741,1.0734,1.07393,2906,1.8
2023-01-08 16:00:00,1,EUR/USD,1.0742,1.07629,1.07414,1.07476,2486,2.0
2023-01-08 17:00:00,1,EUR/USD,1.07391,1.07399,1.07289,1.07356,2092,1.0
2023-01-08 18:00:00,1,EUR/USD,1.07309,1.07376,1.07309,1.07351,4905,1.3
2023-01-08 19:00:00,1,EUR/USD,1.07271,1.07332,1.07223,1.07298,3867,1.0
2023-01-08 20:00:00,1,EUR/USD,1.07277,1.07374,1.07243,1.07263,4989,1.0
2023-01-08 21:00:00,1,EUR/USD,1.0729,1.07306,1.07259,1.07289,2113,1.9
2023-01-08 22:00:00,1,EUR/USD,1.07303,1.07372,1.07303,1.07367,4713,1.3
2023-01-08 23:00:00,1,EUR/USD,1.07376,1.07517,1.07247,1.07404,3647,0.8
2023-01-09 00:00:00,1,EUR/USD,1.0749,1.07579,1.0749,1.07524,2182,1.8
2023-01-09 01:00:00,1,EUR/USD,1.07728,1.07759,1.0768,1.07729,8116,1.5
2023-01-09 02:00:00,1,EUR/USD,1.07789,1.07808,1.07691,1.07751,4102,1.3
2023-01-09 03:00:00,1,EUR/USD,1.0766,1.07669,1.07612,1.07628,2627,1.7
2023-01-09 04:00:00,1,EUR/USD,1.07833,1.07833,1.07788,1.07801,5403,1.8
2023-01-09 05:00:00,1,EUR/USD,1.07711,1.07711,1.07635,1.07669,2615,0.9
2023-01-09 06:00:00,1,EUR/USD,1.07604,1.07651,1.07592,1.07651,6616,1.3
2023-01-09 07:00:00,1,EUR/USD,1.07518,1.07643,1.07518,1.07559,2207,0.9
2023-01-09 08:00:00,1,EUR/USD,1.07809,1.07809,1.07699,1.07736,4870,1.4
2023-01-09 09:00:00,1,EUR/USD,1.07664,1.07725,1.07664,1.07701,1385,1.3
2023-01-09 10:00:00,1,EUR/USD,1.07829,1.07943,1.07736,1.07811,4013,1.9
2023-01-09 11:00:00,1,EUR/USD,1.07897,1.07917,1.07882,1.07903,3930,0.9
2023-01-09 12:00:00,1,EUR/USD,1.07685,1.07726,1.07667,1.0772,3261,1.2
2023-01-09 13:00:00,1,EUR/USD,1.07851,1.07952,1.07829,1.0787,1348,0.9
2023-01-09 14:00:00,1,EUR/USD,1.07887,1.07982,1.07887,1.0793,2206,1.5
2023-01-09 15:00:00,1,EUR/USD,1.07945,1.0804,1.07945,1.07964,3077,1.6
2023-01-09 16:00:00,1,EUR/USD,1.07979,1.08007,1.07975,1.07977,2098,1.5
2023-01-09 17:00:00,1,EUR/USD,1.07897,1.07968,1.0789,1.07906,4340,1.1
2023-01-09 18:00:00,1,EUR/USD,1.07869,1.07877,1.07812,1.07828,2128,1.5
2023-01-09 19:00:00,1,EUR/USD,1.07875,1.07978,1.07792,1.07858,2064,1.8
2023-01-09 20:00:00,1,EUR/USD,1.07834,1.07845,1.07834,1.07838,4826,1.1
2023-01-09 21:00:00,1,EUR/USD,1.08087,1.08156,1.07986,1.08077,2977,1.0
2023-01-09 22:00:00,1,EUR/USD,1.07972,1.08078,1.07899,1.0799,3961,1.1
2023-01-09 23:00:00,1,EUR/USD,1.08147,1.08225,1.08127,1.08166,2700,1.4
2023-01-10 00:00:00,1,EUR/USD,1.08218,1.08275,1.08173,1.08191,1100,1.2
2023-01-10 01:00:00,1,EUR/USD,1.08223,1.08269,1.08126,1.08232,7068,0.9
2023-01-10 02:00:00,1,EUR/USD,1.08262,1.08296,1.08262,1.08292,3244,0.9
2023-01-10 03:00:00,1,EUR/USD,1.08182,1.08225,1.08122,1.08139,1624,1.8
2023-01-10 04:00:00,1,EUR/USD,1.08025,1.08038,1.07955,1.08021,9505,0.9
2023-01-10 05:00:00,1,EUR/USD,1.0808,1.08092,1.08044,1.08063,3988,1.7
2023-01-10 06:00:00,1,EUR/USD,1.07995,1.0805,1.07879,1.07978,1716,1.5
2023-01-10 07:00:00,1,EUR/USD,1.07754,1.07791,1.07744,1.07746,2978,1.8
2023-01-10 08:00:00,1,EUR/USD,1.07745,1.0776,1.07705,1.07755,3407,1.7
2023-01-10 09:00:00,1,EUR/USD,1.07751,1.07817,1.07751,1.07789,2498,1.6
2023-01-10 10:00:00,1,EUR/USD,1.07808,1.07808,1.07734,1.07792,2943,1.5
2023-01-10 11:00:00,1,EUR/USD,1.07799,1.07916,1.07799,1.07881,3077,1.0
2023-01-10 12:00:00,1,EUR/USD,1.07832,1.07832,1.07812,1.07815,2877,1.2
2023-01-10 13:00:00,1,EUR/USD,1.07876,1.08023,1.07851,1.07867,2004,1.1
2023-01-10 14:00:00,1,EUR/USD,1.08081,1.08098,1.08021,1.08032,3210,2.0
2023-01-10 15:00:00,1,EUR/USD,1.07984,1.08026,1.07974,1.07996,2093,0.9
2023-01-10 16:00:00,1,EUR/USD,1.07954,1.07963,1.07945,1.07954,3708,1.2
2023-01-10 17:00:00,1,EUR/USD,1.08049,1.0811,1.07959,1.08083,2685,1.9
2023-01-10 18:00:00,1,EUR/USD,1.07876,1.07947,1.07872,1.07935,3907,1.7
2023-01-10 19:00:00,1,EUR/USD,1.08004,1.08018,1.08004,1.08017,2958,1.1
2023-01-10 20:00:00,1,EUR/USD,1.07964,1.07979,1.07878,1.07958,2958,0.9
2023-01-10 21:00:00,1,EUR/USD,1.07982,1.08126,1.07909,1.0802,2921,1.2
2023-01-10 22:00:00,1,EUR/USD,1.07949,1.08094,1.07928,1.08002,6220,1.9
2023-01-10 23:00:00,1,EUR/USD,1.07927,1.08041,1.07918,1.07979,2432,1.8
2023-01-11 00:00:00,1,EUR/USD,1.08222,1.08245,1.08172,1.08212,5715,0.9
2023-01-11 01:00:00,1,EUR/USD,1.08384,1.08445,1.08378,1.08381,7051,1.6
2023-01-11 02:00:00,1,EUR/USD,1.0831,1.08351,1.08268,1.08341,5432,1.6
2023-01-11 03:00:00,1,EUR/USD,1.08279,1.08295,1.08247,1.0827,2092,1.7
2023-01-11 04:00:00,1,EUR/USD,1.08427,1.08427,1.08301,1.08378,2536,1.5
2023-01-11 05:00:00,1,EUR/USD,1.08332,1.08386,1.08284,1.08351,3039,2.0
2023-01-11 06:00:00,1,EUR/USD,1.0829,1.08331,1.08278,1.08281,6401,1.8
2023-01-11 07:00:00,1,EUR/USD,1.08354,1.08382,1.08317,1.08336,2683,1.1
2023-01-11 08:00:00,1,EUR/USD,1.08187,1.08329,1.08112,1.08223,2668,1.9
2023-01-11 09:00:00,1,EUR/USD,1.08203,1.08265,1.08144,1.08193,3404,1.8
2023-01-11 10:00:00,1,EUR/USD,1.08227,1.08227,1.08161,1.08175,3810,1.7
2023-01-11 11:00:00,1,EUR/USD,1.08265,1.08311,1.08227,1.08254,3026,1.9
2023-01-11 12:00:00,1,EUR/USD,1.08317,1.08333,1.08269,1.08298,5536,1.7
2023-01-11 13:00:00,1,EUR/USD,1.08238,1.08424,1.08238,1.083,3100,1.5
2023-01-11 14:00:00,1,EUR/USD,1.08403,1.08403,1.08312,1.08381,2781,0.8
2023-01-11 15:00:00,1,EUR/USD,1.08291,1.08294,1.08199,1.08249,2412,1.0
2023-01-11 16:00:00,1,EUR/USD,1.08444,1.08451,1.08365,1.0843,5422,1.5
2023-01-11 17:00:00,1,EUR/USD,1.08349,1.08442,1.08303,1.08363,1977,1.9
2023-01-11 18:00:00,1,EUR/USD,1.08581,1.08581,1.08538,1.08551,1466,1.6
2023-01-11 19:00:00,1,EUR/USD,1.08365,1.08423,1.08328,1.08359,1962,1.4
2023-01-11 20:00:00,1,EUR/USD,1.08363,1.08363,1.08215,1.08298,8356,1.6
2023-01-11 21:00:00,1,EUR/USD,1.08429,1.08463,1.08384,1.08429,5745,0.9
2023-01-11 22:00:00,1,EUR/USD,1.08442,1.08442,1.08373,1.08411,3115,1.3
2023-01-11 23:00:00,1,EUR/USD,1.08543,1.08594,1.08523,1.08571,2786,1.1
2023-01-12 00:00:00,1,EUR/USD,1.08796,1.08796,1.0868,1.08735,5489,0.9
2023-01-12 01:00:00,1,EUR/USD,1.08838,1.08861,1.08782,1.08799,1131,1.5
2023-01-12 02:00:00,1,EUR/USD,1.08688,1.08806,1.08688,1.08745,3503,1.1
2023-01-12 03:00:00,1,EUR/USD,1.08717,1.08785,1.08717,1.08729,3644,1.8
2023-01-12 04:00:00,1,EUR/USD,1.0866,1.08758,1.08601,1.08602,6840,1.7
2023-01-12 05:00:00,1,EUR/USD,1.08565,1.08572,1.08493,1.08552,2237,1.6
2023-01-12 06:00:00,1,EUR/USD,1.08515,1.08553,1.08494,1.08542,2661,1.1
2023-01-12 07:00:00,1,EUR/USD,1.08564,1.08598,1.08496,1.08581,2960,0.9
2023-01-12 08:00:00,1,EUR/USD,1.08309,1.08366,1.08278,1.08318,3082,1.9
2023-01-12 09:00:00,1,EUR/USD,1.08403,1.08403,1.08341,1.08374,1882,2.0
2023-01-12 10:00:00,1,EUR/USD,1.08416,1.08528,1.08416,1.0846,3763,1.5
2023-01-12 11:00:00,1,EUR/USD,1.08442,1.085,1.08439,1.08456,2273,1.1
2023-01-12 12:00:00,1,EUR/USD,1.0848,1.0854,1.08423,1.08478,3693,0.9
2023-01-12 13:00:00,1,EUR/USD,1.08551,1.08574,1.08455,1.08553,1969,1.4
2023-01-12 14:00:00,1,EUR/USD,1.08568,1.0865,1.08472,1.08601,4062,0.9
2023-01-12 15:00:00,1,EUR/USD,1.08803,1.089,1.08803,1.08824,2894,1.7
2023-01-12 16:00:00,1,EUR/USD,1.08723,1.08797,1.08723,1.08754,3169,1.0
2023-01-12 17:00:00,1,EUR/USD,1.08941,1.0895,1.08903,1.0893,2933,1.7
2023-01-12 18:00:00,1,EUR/USD,1.09131,1.09131,1.09017,1.09027,3461,1.8
2023-01-12 19:00:00,1,EUR/USD,1.08885,1.09016,1.08885,1.08945,3295,1.8
2023-01-12 20:00:00,1,EUR/USD,1.09191,1.09208,1.09124,1.09149,3083,1.0
2023-01-12 21:00:00,1,EUR/USD,1.09269,1.09296,1.09206,1.09242,2406,1.9
2023-01-12 22:00:00,1,EUR/USD,1.09219,1.09227,1.09153,1.09205,8360,0.9
2023-01-12 23:00:00,1,EUR/USD,1.09106,1.09106,1.09076,1.09089,2989,1.3
2023-01-13 00:00:00,1,EUR/USD,1.09005,1.09005,1.08963,1.08973,5397,1.7
2023-01-13 01:00:00,1,EUR/USD,1.09264,1.09299,1.09222,1.09255,3470,1.4
2023-01-13 02:00:00,1,EUR/USD,1.09141,1.09207,1.09073,1.09145,1031,1.4
2023-01-13 03:00:00,1,EUR/USD,1.09097,1.09106,1.09025,1.09079,1958,1.8
2023-01-13 04:00:00,1,EUR/USD,1.09022,1.09073,1.09022,1.09053,6685,1.6
2023-01-13 05:00:00,1,EUR/USD,1.09014,1.091,1.0895,1.09017,5500,2.0
2023-01-13 06:00:00,1,EUR/USD,1.08958,1.08958,1.08855,1.08919,2363,1.0
2023-01-13 07:00:00,1,EUR/USD,1.08924,1.08963,1.08912,1.08941,4397,1.6
2023-01-13 08:00:00,1,EUR/USD,1.08932,1.0906,1.089,1.08955,3854,1.8
2023-01-13 09:00:00,1,EUR/USD,1.08935,1.09014,1.08935,1.08974,4523,1.9
2023-01-13 10:00:00,1,EUR/USD,1.09016,1.09151,1.09016,1.09047,5185,1.5
2023-01-13 11:00:00,1,EUR/USD,1.09028,1.09048,1.09028,1.09034,1860,0.9
2023-01-13 12:00:00,1,EUR/USD,1.09056,1.09081,1.09032,1.09071,3852,1.7
2023-01-13 13:00:00,1,EUR/USD,1.09064,1.09091,1.09014,1.09042,2457,0.9
2023-01-13 14:00:00,1,EUR/USD,1.09071,1.09183,1.0907,1.09082,2952,1.2
2023-01-13 15:00:00,1,EUR/USD,1.09084,1.09137,1.09007,1.09049,1935,0.9
2023-01-13 16:00:00,1,EUR/USD,1.09147,1.09246,1.09147,1.09153,3087,0.9
2023-01-13 17:00:00,1,EUR/USD,1.09288,1.09299,1.09216,1.0928,4109,1.8
2023-01-13 18:00:00,1,EUR/USD,1.09323,1.09355,1.09153,1.093,2149,1.7
2023-01-13 19:00:00,1,EUR/USD,1.09169,1.09169,1.09088,1.091,1708,1.6
2023-01-13 20:00:00,1,EUR/USD,1.09227,1.0932,1.09227,1.09279,2635,1.4
2023-01-13 21:00:00,1,EUR/USD,1.09236,1.09236,1.09179,1.09187,4046,1.4
2023-01-13 22:00:00,1,EUR/USD,1.09076,1.0913,1.09076,1.09119,2195,1.0
2023-01-13 23:00:00,1,EUR/USD,1.0913,1.0913,1.09002,1.09115,1603,1.1
2023-01-14 00:00:00,1,EUR/USD,1.09099,1.09204,1.09099,1.09124,3496,1.4
2023-01-14 01:00:00,1,EUR/USD,1.09245,1.09291,1.09245,1.0927,2704,1.5
2023-01-14 02:00:00,1,EUR/USD,1.09236,1.09279,1.09177,1.09235,7712,2.0
2023-01-14 03:00:00,1,EUR/USD,1.09184,1.09251,1.09184,1.09229,1177,1.3
2023-01-14 04:00:00,1,EUR/USD,1.09287,1.09287,1.09172,1.09258,2341,1.1
2023-01-14 05:00:00,1,EUR/USD,1.09251,1.09282,1.0924,1.09274,3538,1.3
2023-01-14 06:00:00,1,EUR/USD,1.09007,1.09078,1.09007,1.09039,2791,0.9
2023-01-14 07:00:00,1,EUR/USD,1.09087,1.09087,1.09038,1.09047,5316,1.2
2023-01-14 08:00:00,1,EUR/USD,1.09044,1.09044,1.08998,1.09037,4800,1.7
2023-01-14 09:00:00,1,EUR/USD,1.09012,1.09071,1.09012,1.09068,2158,1.4
2023-01-14 10:00:00,1,EUR/USD,1.08974,1.09013,1.08974,1.09008,5613,1.6
2023-01-14 11:00:00,1,EUR/USD,1.08974,1.08974,1.08868,1.08914,2053,1.1
2023-01-14 12:00:00,1,EUR/USD,1.09014,1.09059,1.08947,1.09023,3443,1.9
2023-01-14 13:00:00,1,EUR/USD,1.08991,1.0915,1.08991,1.09051,5354,1.5
2023-01-14 14:00:00,1,EUR/USD,1.0915,1.09225,1.09104,1.09164,1714,1.9
2023-01-14 15:00:00,1,EUR/USD,1.09142,1.09193,1.09117,1.0914,2749,1.6
2023-01-14 16:00:00,1,EUR/USD,1.09052,1.0909,1.08987,1.09079,4829,1.2
2023-01-14 17:00:00,1,EUR/USD,1.09253,1.09358,1.0923,1.09255,1680,0.8
2023-01-14 18:00:00,1,EUR/USD,1.09311,1.09315,1.09291,1.09315,2852,1.0
2023-01-14 19:00:00,1,EUR/USD,1.09271,1.09373,1.09255,1.09274,3342,1.9
2023-01-14 20:00:00,1,EUR/USD,1.09417,1.09423,1.09397,1.09402,1359,1.4
2023-01-14 21:00:00,1,EUR/USD,1.09331,1.09331,1.09215,1.09279,3378,1.8
2023-01-14 22:00:00,1,EUR/USD,1.09062,1.09112,1.09039,1.09082,2740,1.1
2023-01-14 23:00:00,1,EUR/USD,1.09062,1.09062,1.09004,1.09031,1197,1.0
2023-01-15 00:00:00,1,EUR/USD,1.09248,1.09307,1.09119,1.09257,5169,1.5
2023-01-15 01:00:00,1,EUR/USD,1.0947,1.09495,1.09401,1.09471,2244,1.5
2023-01-15 02:00:00,1,EUR/USD,1.09502,1.09524,1.09439,1.09499,3477,0.9
2023-01-15 03:00:00,1,EUR/USD,1.09452,1.09492,1.09408,1.09456,1658,2.0
2023-01-15 04:00:00,1,EUR/USD,1.09621,1.09621,1.09482,1.09579,1895,1.7
2023-01-15 05:00:00,1,EUR/USD,1.09597,1.09597,1.09375,1.09507,2604,1.8
2023-01-15 06:00:00,1,EUR/USD,1.09523,1.09523,1.09473,1.09501,3935,1.0
2023-01-15 07:00:00,1,EUR/USD,1.09507,1.09575,1.095,1.09511,4923,1.4
2023-01-15 08:00:00,1,EUR/USD,1.0957,1.09594,1.0957,1.09583,5229,1.6
2023-01-15 09:00:00,1,EUR/USD,1.09725,1.09725,1.09646,1.09687,2285,1.1
2023-01-15 10:00:00,1,EUR/USD,1.09808,1.0982,1.09752,1.09791,2163,1.7
2023-01-15 11:00:00,1,EUR/USD,1.09858,1.09877,1.09774,1.09839,3732,1.5
2023-01-15 12:00:00,1,EUR/USD,1.09811,1.09884,1.09811,1.09836,2126,1.2
2023-01-15 13:00:00,1,EUR/USD,1.09821,1.09826,1.09813,1.0982,4041,1.2
2023-01-15 14:00:00,1,EUR/USD,1.09851,1.09865,1.09784,1.0982,1334,1.1
2023-01-15 15:00:00,1,EUR/USD,1.09731,1.09784,1.09702,1.09736,4231,1.9
2023-01-15 16:00:00,1,EUR/USD,1.09667,1.09817,1.09667,1.09707,3071,1.2
2023-01-15 17:00:00,1,EUR/USD,1.09738,1.09785,1.09719,1.09738,4923,1.3
2023-01-15 18:00:00,1,EUR/USD,1.09919,1.10004,1.09919,1.09935,4462,1.8
2023-01-15 19:00:00,1,EUR/USD,1.0979,1.09841,1.09753,1.09828,3079,1.7
2023-01-15 20:00:00,1,EUR/USD,1.09812,1.09923,1.09787,1.09826,2293,1.7
2023-01-15 21:00:00,1,EUR/USD,1.09874,1.09877,1.09841,1.09842,1778,0.9
2023-01-15 22:00:00,1,EUR/USD,1.09923,1.09981,1.09897,1.09933,1520,1.8
2023-01-15 23:00:00,1,EUR/USD,1.09838,1.09899,1.09806,1.09843,4781,1.9
2023-01-16 00:00:00,1,EUR/USD,1.09867,1.09891,1.09867,1.09886,880,1.6
2023-01-16 01:00:00,1,EUR/USD,1.09877,1.099,1.09826,1.09871,3084,1.7
2023-01-16 02:00:00,1,EUR/USD,1.0987,1.09892,1.09847,1.09881,4055,0.9
2023-01-16 03:00:00,1,EUR/USD,1.0992,1.10035,1.0992,1.10013,3006,1.3
2023-01-16 04:00:00,1,EUR/USD,1.09948,1.1002,1.09925,1.09952,2376,1.8
2023-01-16 05:00:00,1,EUR/USD,1.101,1.10134,1.10086,1.10112,8534,1.9
2023-01-16 06:00:00,1,EUR/USD,1.10213,1.10245,1.101,1.10186,3598,1.7
2023-01-16 07:00:00,1,EUR/USD,1.10138,1.10146,1.10011,1.10087,2037,1.0
2023-01-16 08:00:00,1,EUR/USD,1.10045,1.10084,1.1002,1.1005,3042,1.1
2023-01-16 09:00:00,1,EUR/USD,1.09933,1.10024,1.09878,1.0994,796,1.3
2023-01-16 10:00:00,1,EUR/USD,1.10197,1.10249,1.10197,1.10205,3014,1.6
2023-01-16 11:00:00,1,EUR/USD,1.1027,1.10324,1.10226,1.10266,6462,2.0
2023-01-16 12:00:00,1,EUR/USD,1.10321,1.10373,1.1032,1.1034,3136,1.2
2023-01-16 13:00:00,1,EUR/USD,1.10533,1.10565,1.10436,1.10511,4181,1.3
2023-01-16 14:00:00,1,EUR/USD,1.10279,1.1038,1.10279,1.10334,2730,0.9
2023-01-16 15:00:00,1,EUR/USD,1.1051,1.10547,1.1051,1.10517,2153,1.1
2023-01-16 16:00:00,1,EUR/USD,1.10494,1.10494,1.10405,1.10476,1710,1.8
2023-01-16 17:00:00,1,EUR/USD,1.10464,1.10575,1.10416,1.10503,4556,1.2
2023-01-16 18:00:00,1,EUR/USD,1.10475,1.10503,1.10423,1.10477,2540,1.0
2023-01-16 19:00:00,1,EUR/USD,1.10495,1.10554,1.10485,1.10494,3992,1.1
2023-01-16 20:00:00,1,EUR/USD,1.10706,1.10718,1.10706,1.10717,2723,1.5
2023-01-16 21:00:00,1,EUR/USD,1.10863,1.10901,1.10863,1.10869,1609,1.1
2023-01-16 22:00:00,1,EUR/USD,1.10837,1.10854,1.10733,1.10822,8202,0.9
2023-01-16 23:00:00,1,EUR/USD,1.10689,1.10689,1.10669,1.10671,2229,1.9
2023-01-17 00:00:00,1,EUR/USD,1.10734,1.10734,1.10682,1.10718,7347,1.1
2023-01-17 01:00:00,1,EUR/USD,1.10704,1.10774,1.10632,1.10697,1633,1.7
2023-01-17 02:00:00,1,EUR/USD,1.10682,1.10682,1.10593,1.10662,4633,1.7
2023-01-17 03:00:00,1,EUR/USD,1.10611,1.10621,1.10564,1.10612,2337,1.6
2023-01-17 04:00:00,1,EUR/USD,1.10566,1.10608,1.10531,1.10572,2154,1.3
2023-01-17 05:00:00,1,EUR/USD,1.10722,1.10732,1.1071,1.10719,3999,1.2
2023-01-17 06:00:00,1,EUR/USD,1.10672,1.10687,1.10534,1.10643,1626,1.0
2023-01-17 07:00:00,1,EUR/USD,1.10731,1.10808,1.10722,1.10724,2711,1.1
2023-01-17 08:00:00,1,EUR/USD,1.10683,1.10768,1.10626,1.10735,6691,1.1
2023-01-17 09:00:00,1,EUR/USD,1.10794,1.10794,1.10731,1.10747,2434,1.4
2023-01-17 10:00:00,1,EUR/USD,1.10598,1.10598,1.10517,1.10586,4644,1.0
2023-01-17 11:00:00,1,EUR/USD,1.10582,1.10582,1.105,1.1054,2478,1.8
2023-01-17 12:00:00,1,EUR/USD,1.10716,1.10736,1.10639,1.10676,1225,1.3
2023-01-17 13:00:00,1,EUR/USD,1.10687,1.1075,1.1057,1.10712,1787,1.2
2023-01-17 14:00:00,1,EUR/USD,1.10802,1.1085,1.1075,1.10787,1257,1.2
2023-01-17 15:00:00,1,EUR/USD,1.10697,1.1076,1.1068,1.10712,1689,1.9
2023-01-17 16:00:00,1,EUR/USD,1.10678,1.10724,1.10549,1.10646,3110,1.7
2023-01-17 17:00:00,1,EUR/USD,1.10575,1.10583,1.10525,1.10556,3142,0.9
2023-01-17 18:00:00,1,EUR/USD,1.10595,1.10711,1.1057,1.10628,2460,1.4
2023-01-17 19:00:00,1,EUR/USD,1.10692,1.10784,1.10647,1.10656,4903,1.4
2023-01-17 20:00:00,1,EUR/USD,1.10695,1.10709,1.10644,1.10681,4534,1.0
2023-01-17 21:00:00,1,EUR/USD,1.10648,1.10685,1.10545,1.10613,4763,1.5
2023-01-17 22:00:00,1,EUR/USD,1.10599,1.10649,1.10552,1.10612,4220,1.3
2023-01-17 23:00:00,1,EUR/USD,1.10732,1.10732,1.10681,1.10706,1806,1.8
2023-01-18 00:00:00,1,EUR/USD,1.1074,1.10764,1.1074,1.10762,4227,1.0
2023-01-18 01:00:00,1,EUR/USD,1.10775,1.10822,1.10731,1.10808,2591,1.8
2023-01-18 02:00:00,1,EUR/USD,1.10742,1.10803,1.10717,1.10755,5064,1.1
2023-01-18 03:00:00,1,EUR/USD,1.10826,1.10885,1.10716,1.10824,2164,1.1
2023-01-18 04:00:00,1,EUR/USD,1.10746,1.10784,1.10625,1.10709,2176,0.9
2023-01-18 05:00:00,1,EUR/USD,1.1094,1.1094,1.10828,1.10879,2145,1.2
2023-01-18 06:00:00,1,EUR/USD,1.10879,1.10892,1.10853,1.10862,5211,1.0
2023-01-18 07:00:00,1,EUR/USD,1.11013,1.11107,1.10995,1.11023,2289,1.1
2023-01-18 08:00:00,1,EUR/USD,1.11035,1.11063,1.11035,1.11061,2656,1.7
2023-01-18 09:00:00,1,EUR/USD,1.10921,1.10994,1.10864,1.10958,1299,1.1
2023-01-18 10:00:00,1,EUR/USD,1.10915,1.11029,1.10898,1.10949,3306,1.5
2023-01-18 11:00:00,1,EUR/USD,1.10963,1.10963,1.10946,1.10957,1985,1.5
2023-01-18 12:00:00,1,EUR/USD,1.10774,1.10858,1.10767,1.10812,4489,1.2
2023-01-18 13:00:00,1,EUR/USD,1.10976,1.11019,1.10898,1.10983,3423,1.5
2023-01-18 14:00:00,1,EUR/USD,1.11098,1.11164,1.11086,1.11099,1386,1.3
2023-01-18 15:00:00,1,EUR/USD,1.11143,1.11162,1.11128,1.11156,3678,1.6
2023-01-18 16:00:00,1,EUR/USD,1.11141,1.11163,1.11141,1.11154,2791,1.1
2023-01-18 17:00:00,1,EUR/USD,1.11246,1.11339,1.11218,1.11245,2854,1.5
2023-01-18 18:00:00,1,EUR/USD,1.1111,1.1114,1.11074,1.11102,3453,1.7
2023-01-18 19:00:00,1,EUR/USD,1.11132,1.11132,1.11027,1.11076,2564,1.5
2023-01-18 20:00:00,1,EUR/USD,1.11027,1.11027,1.10983,1.11011,3096,1.0
2023-01-18 21:00:00,1,EUR/USD,1.11099,1.11172,1.11056,1.11094,7016,0.9
2023-01-18 22:00:00,1,EUR/USD,1.11248,1.11248,1.1111,1.11169,2012,1.9
2023-01-18 23:00:00,1,EUR/USD,1.11087,1.11087,1.1098,1.11016,2048,1.1
2023-01-19 00:00:00,1,EUR/USD,1.10923,1.11044,1.10838,1.10949,2264,1.3
2023-01-19 01:00:00,1,EUR/USD,1.1107,1.11082,1.11044,1.11044,2956,0.9
2023-01-19 02:00:00,1,EUR/USD,1.11016,1.11069,1.1092,1.10989,2592,0.9
2023-01-19 03:00:00,1,EUR/USD,1.10963,1.10988,1.10901,1.10958,3237,1.6
2023-01-19 04:00:00,1,EUR/USD,1.10894,1.10955,1.10861,1.10921,13023,1.2
2023-01-19 05:00:00,1,EUR/USD,1.11037,1.11118,1.11034,1.1106,4928,1.9
2023-01-19 06:00:00,1,EUR/USD,1.10972,1.11064,1.10972,1.11046,2657,1.5
2023-01-19 07:00:00,1,EUR/USD,1.10965,1.11029,1.1095,1.10951,4552,1.8
2023-01-19 08:00:00,1,EUR/USD,1.1096,1.11031,1.10884,1.10998,3777,1.0
2023-01-19 09:00:00,1,EUR/USD,1.10899,1.10952,1.10854,1.10895,7131,1.0
2023-01-19 10:00:00,1,EUR/USD,1.10806,1.10886,1.10804,1.10816,10030,1.1
2023-01-19 11:00:00,1,EUR/USD,1.1084,1.10872,1.10831,1.10864,2102,2.0
2023-01-19 12:00:00,1,EUR/USD,1.10915,1.11093,1.10889,1.10977,7596,1.6
2023-01-19 13:00:00,1,EUR/USD,1.11054,1.11054,1.10949,1.11021,2642,1.6
2023-01-19 14:00:00,1,EUR/USD,1.10917,1.10917,1.10857,1.10908,1905,1.6
2023-01-19 15:00:00,1,EUR/USD,1.10858,1.10889,1.10792,1.10863,3256,1.4
2023-01-19 16:00:00,1,EUR/USD,1.10793,1.10832,1.10684,1.1083,6198,1.1
2023-01-19 17:00:00,1,EUR/USD,1.10952,1.11009,1.10933,1.1094,3530,1.4
2023-01-19 18:00:00,1,EUR/USD,1.11055,1.11096,1.10988,1.11062,1998,1.3
2023-01-19 19:00:00,1,EUR/USD,1.11071,1.11071,1.11002,1.11055,3047,0.9
2023-01-19 20:00:00,1,EUR/USD,1.10971,1.10999,1.10921,1.10987,1166,1.1
2023-01-19 21:00:00,1,EUR/USD,1.1105,1.11126,1.10974,1.11056,2188,1.4
2023-01-19 22:00:00,1,EUR/USD,1.11118,1.11227,1.11118,1.11156,2695,1.8
2023-01-19 23:00:00,1,EUR/USD,1.11202,1.11202,1.11071,1.11155,3667,1.7
2023-01-20 00:00:00,1,EUR/USD,1.11136,1.11243,1.11136,1.11164,6013,1.0
2023-01-20 01:00:00,1,EUR/USD,1.11254,1.11254,1.11235,1.11242,3324,1.7
2023-01-20 02:00:00,1,EUR/USD,1.11462,1.11491,1.1142,1.11431,1778,1.4
2023-01-20 03:00:00,1,EUR/USD,1.11454,1.1153,1.11423,1.11475,1800,1.1
2023-01-20 04:00:00,1,EUR/USD,1.11464,1.11512,1.11433,1.11434,1893,1.8
2023-01-20 05:00:00,1,EUR/USD,1.11634,1.11665,1.1157,1.11603,1721,1.1
2023-01-20 06:00:00,1,EUR/USD,1.11592,1.11653,1.11557,1.11622,4018,1.1
2023-01-20 07:00:00,1,EUR/USD,1.11552,1.11602,1.11482,1.11517,3899,1.7
2023-01-20 08:00:00,1,EUR/USD,1.11421,1.11471,1.11421,1.11439,1800,0.8
2023-01-20 09:00:00,1,EUR/USD,1.11202,1.11239,1.11193,1.1122,3082,1.6
2023-01-20 10:00:00,1,EUR/USD,1.1132,1.1132,1.11277,1.11296,3524,1.1
2023-01-20 11:00:00,1,EUR/USD,1.1137,1.1137,1.11324,1.11331,1986,1.8
2023-01-20 12:00:00,1,EUR/USD,1.11213,1.11231,1.11213,1.11218,3522,1.2
2023-01-20 13:00:00,1,EUR/USD,1.11422,1.11444,1.11338,1.11377,4084,0.8
2023-01-20 14:00:00,1,EUR/USD,1.11454,1.11481,1.11308,1.1142,3376,1.5
2023-01-20 15:00:00,1,EUR/USD,1.11491,1.11635,1.11491,1.11536,2260,1.5
2023-01-20 16:00:00,1,EUR/USD,1.11607,1.11695,1.11543,1.11577,2216,1.3
2023-01-20 17:00:00,1,EUR/USD,1.1161,1.11658,1.11526,1.11591,2751,1.0
2023-01-20 18:00:00,1,EUR/USD,1.11855,1.11855,1.11754,1.1181,2056,1.6
2023-01-20 19:00:00,1,EUR/USD,1.11743,1.11823,1.11735,1.11756,7405,1.6
2023-01-20 20:00:00,1,EUR/USD,1.11747,1.11747,1.11632,1.11719,3668,2.0
2023-01-20 21:00:00,1,EUR/USD,1.11733,1.11825,1.11599,1.1177,2549,1.5
2023-01-20 22:00:00,1,EUR/USD,1.11866,1.11866,1.11715,1.11813,2361,0.8
2023-01-20 23:00:00,1,EUR/USD,1.11828,1.11842,1.11788,1.11797,3396,1.9
2023-01-21 00:00:00,1,EUR/USD,1.11643,1.11705,1.11635,1.1167,4664,2.0
2023-01-21 01:00:00,1,EUR/USD,1.1164,1.1164,1.11595,1.116,2807,0.9
2023-01-21 02:00:00,1,EUR/USD,1.11517,1.11553,1.11517,1.11542,2728,1.1
2023-01-21 03:00:00,1,EUR/USD,1.11349,1.11464,1.11344,1.11369,5043,1.2
2023-01-21 04:00:00,1,EUR/USD,1.11272,1.11335,1.11272,1.11315,2373,1.1
2023-01-21 05:00:00,1,EUR/USD,1.11365,1.11365,1.11317,1.11335,2464,1.0
2023-01-21 06:00:00,1,EUR/USD,1.11272,1.11379,1.11272,1.11332,2490,1.5
2023-01-21 07:00:00,1,EUR/USD,1.11318,1.1143,1.11318,1.11365,4405,1.4
2023-01-21 08:00:00,1,EUR/USD,1.11338,1.11403,1.11305,1.11356,2811,1.4
2023-01-21 09:00:00,1,EUR/USD,1.11323,1.11323,1.11194,1.11285,4191,1.8
2023-01-21 10:00:00,1,EUR/USD,1.11358,1.11437,1.11314,1.11329,2908,1.7
2023-01-21 11:00:00,1,EUR/USD,1.11159,1.11358,1.11091,1.11173,5003,1.8
2023-01-21 12:00:00,1,EUR/USD,1.10974,1.11035,1.10897,1.10983,2639,1.9
2023-01-21 13:00:00,1,EUR/USD,1.10938,1.10965,1.10881,1.1095,11411,1.6
2023-01-21 14:00:00,1,EUR/USD,1.10944,1.11067,1.10901,1.10983,3322,1.0
2023-01-21 15:00:00,1,EUR/USD,1.10876,1.10912,1.10822,1.10861,2403,1.1
2023-01-21 16:00:00,1,EUR/USD,1.10722,1.10751,1.10671,1.10739,2081,1.5
2023-01-21 17:00:00,1,EUR/USD,1.1073,1.10735,1.10687,1.10713,1828,1.1
2023-01-21 18:00:00,1,EUR/USD,1.10729,1.10775,1.10712,1.10758,3894,1.7
2023-01-21 19:00:00,1,EUR/USD,1.10871,1.10902,1.10829,1.10895,2615,1.4
