ScenarioID,ParallelShift,VolShock,CorrShock,EURUSD_PnL,USDJPY_PnL,GBPUSD_PnL,PortfolioPnL
1,0.007477,0.047435,-0.005085,-47135.91,-12006.44,-16290.94,-75433.29
2,0.009984,-0.015458,-0.022252,-67806.11,-23561.05,-19792.7,-111159.86
3,0.017714,0.02456,0.02129,-105268.35,-37015.49,-30672.66,-172956.5
4,-0.003975,-0.015789,-0.028162,31602.99,2908.07,4799.5,39310.56
5,0.02012,0.006809,0.003554,-118486.89,-46873.73,-37796.98,-203157.6
6,-0.004449,-0.045168,-0.001499,31791.22,13510.27,9363.34,54664.83
7,-0.009943,-0.018748,-0.012939,61769.5,17147.29,20629.04,99545.83
8,0.000106,-0.011212,0.009685,1977.24,3132.99,-1672.5,3437.73
9,0.004027,-0.045559,-0.003803,-25528.31,-7993.71,-6786.72,-40308.74
10,0.008018,-0.029849,0.003633,-54466.94,-8076.19,-15777.59,-78320.72
11,-0.007007,0.044132,-0.008589,51062.21,15172.77,11384.98,77619.96
12,-0.007528,-0.039442,-0.007846,49332.06,13312.22,12879.48,75523.76
13,-0.010941,0.037795,0.018947,70289.32,20695.9,19393.44,110378.66
14,0.012654,0.074333,-0.028055,-73614.68,-26757.35,-22101.75,-122473.78
15,0.005047,-0.024048,0.021934,-25113.34,-6215.11,-12469.82,-43798.27
16,-0.002297,-0.096762,-0.015306,3058.9,6173.6,4434.66,13667.16
17,-0.004326,-0.039557,0.006281,23483.03,5846.24,5122.43,34451.7
18,-0.002038,-0.029115,-0.007685,15952.19,7170.55,6447.79,29570.53
19,0.000601,0.017379,0.003777,-12271.7,-2371.97,-1776.58,-16420.25
20,-0.005108,-0.002047,-0.00439,28858.29,10273.99,7610.04,46742.32
21,-0.026192,-0.069853,0.001778,191146.21,47722.49,43834.04,282702.74
22,0.004315,0.04391,-0.008402,-31039.57,-5401.4,-5915.11,-42356.08
23,0.008586,-0.023403,0.022274,-63876.78,-14637.3,-15073.02,-93587.1
24,0.001289,-0.047263,-0.036281,-7804.8,-1053.43,-838.07,-9696.3
25,0.005948,0.018408,-0.018476,-34027.26,-15597.22,-8135.02,-57759.5
26,-0.00084,-0.002535,0.017319,10482.03,4075.54,-179.63,14377.94
27,0.007627,-0.040739,0.015758,-55390.59,-16297.1,-14912.23,-86599.92
28,0.008699,0.055758,0.00398,-54012.5,-16156.12,-12894.65,-83063.27
29,0.000373,-0.024984,0.012945,-11715.73,1945.42,-2069.59,-11839.9
30,-0.002402,0.045803,-0.00831,18981.7,8461.51,4400.03,31843.24
31,0.003114,-0.005972,0.002312,-25607.9,-7421.63,-7995.61,-41025.14
32,-0.008988,-0.100147,0.005279,68695.39,17505.79,17568.82,103770.0
33,0.011257,-0.059957,-0.019676,-65364.88,-23916.57,-22168.63,-111450.08
34,-0.006369,0.020983,-0.015879,28435.77,12408.01,10599.37,51443.15
35,9.2e-05,0.062944,0.00107,615.16,2972.86,-139.85,3448.17
36,0.021365,-0.063185,-0.018683,-125533.43,-41104.0,-37577.05,-204214.48
37,-0.010106,0.088049,-0.015847,69683.7,25165.5,16701.6,111550.8
38,-0.006221,-0.027684,0.018031,46609.89,13165.86,14591.19,74366.94
39,0.00032,0.064617,-0.00864,9593.26,4039.1,-812.17,12820.19
40,0.014345,0.069199,0.031061,-101024.76,-27967.29,-23876.4,-152868.45
41,0.004711,0.010917,0.004956,-23704.76,-8274.12,-7762.86,-39741.74
42,0.011394,0.020901,0.010271,-61803.65,-25230.44,-22856.65,-109890.74
43,0.000724,0.010727,0.014431,-4155.27,745.72,3750.11,340.56
44,0.008015,0.048866,-0.002591,-57579.26,-23726.14,-14983.71,-96289.11
45,-0.025804,0.025677,-0.007656,176138.5,54580.43,43421.2,274140.13
46,0.004508,0.035381,-0.014037,-30029.66,-8821.61,-10657.59,-49508.86
47,0.002148,-0.071551,0.011314,-16034.49,-8820.59,-4897.6,-29752.68
48,-0.005377,0.053426,0.003466,30817.92,16238.37,10608.52,57664.81
49,-0.003363,-0.077692,-0.008492,21012.89,8169.87,7066.52,36249.28
50,0.008066,-0.080573,0.00417,-51762.12,-8904.29,-13905.14,-74571.55
51,-0.006227,0.005518,-0.000171,31399.58,14300.63,10213.05,55913.26
52,-0.000267,-0.043678,-0.021878,6130.94,3885.89,1300.62,11317.45
53,-0.018108,0.024153,-0.035919,121773.69,40623.42,32823.08,195220.19
54,0.00457,0.065645,0.0112,-39328.13,-10704.91,-8034.45,-58067.49
55,-0.001587,-0.030857,-0.020603,22378.63,2167.34,7465.31,32011.28
56,-0.011413,0.032853,0.004593,72504.85,22564.43,19828.19,114897.47
57,-0.008441,-0.012807,-0.047298,60028.36,21407.9,15596.36,97032.62
58,0.022643,0.034105,0.022856,-129449.52,-55802.46,-38550.75,-223802.73
59,-0.013829,-0.059045,-0.020139,92630.34,30993.01,24931.05,148554.4
60,-0.000126,0.036134,0.01567,3031.27,-4909.31,-1259.75,-3137.79
61,0.000263,0.036673,-0.026572,-1766.48,-5249.76,1593.73,-5422.51
62,0.002423,-0.067307,-0.027055,-13683.27,-964.9,-6410.41,-21058.58
63,0.007866,-0.027112,0.016464,-46321.13,-16052.79,-17355.69,-79729.61
64,0.006812,0.025101,0.008209,-42254.67,-16941.26,-9686.7,-68882.63
65,0.008981,-0.053771,0.026286,-55905.76,-18473.52,-15980.34,-90359.62
66,-0.00078,0.068545,0.020661,10142.49,2191.55,3135.43,15469.47
67,-0.008343,0.029172,-0.00307,45497.5,12762.27,13191.09,71450.86
68,0.004152,-0.033104,-0.011822,-22780.91,-10383.27,-4562.06,-37726.24
69,0.011651,0.001094,0.015069,-69592.44,-25204.59,-18549.88,-113346.91
70,0.010089,-0.047622,0.003071,-62575.88,-18638.08,-18442.61,-99656.57
71,-0.005978,0.00845,0.023627,33661.5,9478.55,9360.02,52500.07
72,-0.003426,-0.088279,0.029964,21880.03,6353.8,9206.12,37439.95
73,0.007178,-0.026771,0.003292,-45706.0,-10728.61,-12824.46,-69259.07
74,-0.014421,-0.093861,0.029503,94469.75,32293.89,25235.36,151999.0
75,-0.004167,-0.012992,0.031668,20232.85,7590.38,9062.92,36886.15
76,-0.012831,0.065864,0.017845,88467.94,25436.57,19503.59,133408.1
77,0.00707,0.137432,0.002918,-53963.4,-13475.41,-10582.07,-78020.88
78,-0.009179,-0.032276,-0.014948,58899.11,18758.41,14248.83,91906.35
79,-0.012358,0.008719,-0.003653,81584.66,26202.16,18463.23,126250.05
80,0.002632,-0.020784,0.00479,-14954.07,-2133.81,-4373.82,-21461.7
81,0.010667,-0.016096,-0.005484,-67231.11,-20078.72,-17298.99,-104608.82
82,0.001351,-0.061387,0.012261,-13045.65,-5584.2,-4627.22,-23257.07
83,-0.000832,0.060586,-0.019307,13814.41,4475.97,-1482.07,16808.31
84,-0.003828,-0.052013,0.013299,20269.23,3174.92,6008.84,29452.99
85,0.011694,-0.009626,0.007969,-70747.62,-29094.1,-22146.21,-121987.93
86,6.5e-05,-0.027868,0.034089,-6561.69,-2863.53,468.61,-8956.61
87,-0.006279,-0.144592,0.038694,36328.6,14868.44,8418.56,59615.6
88,-0.00863,-0.081147,-0.014824,54551.73,17726.04,14271.67,86549.44
89,-0.014415,-0.026195,0.02894,105016.2,31638.98,26408.64,163063.82
90,0.020608,0.028562,0.012884,-132220.67,-46615.17,-35923.7,-214759.54
91,-0.008074,-0.049898,-0.017649,46832.81,14582.13,14728.37,76143.31
92,0.017963,0.039849,0.012723,-117618.47,-37364.91,-31389.96,-186373.34
93,0.002907,-0.018034,0.033242,-18444.1,-5654.89,-8983.78,-33082.77
94,-0.001067,0.057463,0.011112,-3818.43,891.16,5319.96,2392.69
95,-0.001506,0.016121,0.03238,9069.63,5536.54,3443.94,18050.11
96,0.006251,0.018961,-0.010953,-41994.34,-15691.85,-14157.01,-71843.2
97,0.012445,0.000504,0.023883,-69582.66,-25974.88,-24281.8,-119839.34
98,-0.001962,-0.033557,-0.039603,10330.19,3905.34,2127.02,16362.55
99,-0.007715,-0.063877,0.003918,60836.16,20038.32,14732.14,95606.62
100,0.006754,-0.006632,-0.03609,-44722.35,-17091.42,-11442.73,-73256.5
101,0.012332,0.09867,0.001292,-85072.9,-25709.48,-21278.22,-132060.6
102,0.006788,-0.00096,0.00133,-46248.29,-15191.43,-10785.42,-72225.14
103,-0.020085,-0.015864,0.013758,147831.6,40983.15,37318.36,226133.11
104,0.0169,-0.019269,-0.011164,-104335.52,-35736.36,-27224.77,-167296.65
105,-0.007737,0.076903,-0.016015,45316.98,17819.56,15923.94,79060.48
106,0.001787,0.021754,0.039086,-5317.53,-3658.99,-3970.9,-12947.42
107,0.010951,0.041464,0.008372,-70115.8,-23225.41,-19349.06,-112690.27
108,-0.003104,-0.030057,0.005304,17159.13,7049.88,1200.67,25409.68
109,-0.005999,0.054916,-0.018009,42761.99,10145.51,11989.38,64896.88
110,-0.002971,-0.016832,0.001087,12793.56,9155.56,7776.56,29725.68
111,-0.0036,0.02621,0.015578,23237.41,4235.92,9452.71,36926.04
112,-0.003925,-0.030457,0.032776,28910.87,9015.25,4888.36,42814.48
113,0.008028,0.144826,0.01761,-48251.71,-14695.61,-14625.02,-77572.34
114,-0.003377,-0.017522,-0.011499,20441.59,6019.34,5385.75,31846.68
115,-0.002727,0.012151,0.001576,18728.18,10293.13,4898.07,33919.38
116,0.022109,0.017634,-0.008945,-125961.91,-46667.29,-43256.87,-215886.07
117,-4e-05,-0.012459,0.032131,-4227.59,-913.9,2604.93,-2536.56
118,0.003944,-0.008573,-0.01513,-23527.82,-8370.48,-8398.37,-40296.67
119,-0.007158,-0.040724,-0.019851,52353.18,17430.96,14327.08,84111.22
120,4.5e-05,-0.012131,-0.004488,4813.08,-5554.93,-1107.26,-1849.11
121,-0.008873,0.067994,-0.009549,51269.13,19304.53,14699.59,85273.25
122,-0.005569,-0.033002,-0.01399,40441.06,12366.87,9294.63,62102.56
123,-0.010982,-0.008445,0.005213,75592.59,23545.67,17264.17,116402.43
124,-0.024032,0.089981,-0.026193,159376.02,50858.26,38398.24,248632.52
125,-0.008048,0.027443,0.035454,55706.81,15583.3,13900.66,85190.77
126,-0.018086,-0.022538,-0.008996,125684.44,43806.87,27595.81,197087.12
127,-0.004077,-0.091675,-0.010067,22549.99,4078.19,8919.77,35547.95
128,0.002556,0.039793,-0.010633,-16823.63,-584.68,-4453.71,-21862.02
129,0.00808,-0.030873,0.01432,-53792.99,-22656.35,-14073.61,-90522.95
130,-0.004703,-0.081239,0.00383,26599.74,19154.29,5254.39,51008.42
131,-0.012129,0.043478,-0.00266,86396.3,26612.6,19940.28,132949.18
132,-0.013791,0.053554,-0.025769,96714.8,31717.94,23742.37,152175.11
133,-0.003041,-0.049186,0.009255,4748.08,8534.28,5531.12,18813.48
134,-0.002228,0.012115,-0.027471,2529.76,6084.85,6510.09,15124.7
135,-0.017394,-0.052624,0.015046,121663.0,45416.77,32416.91,199496.68
136,0.008354,-0.038189,0.010496,-45255.17,-18037.09,-14770.81,-78063.07
137,0.001414,-0.033225,0.005379,-7923.16,1471.54,-2838.34,-9289.96
138,0.006747,-0.007978,0.012795,-44083.32,-12448.88,-10283.81,-66816.01
139,-0.010667,0.055119,-0.00333,69543.61,20269.75,19156.22,108969.58
140,-4.6e-05,0.01854,0.007804,3343.38,8425.91,159.8,11929.09
141,-0.007346,-0.100991,-0.023906,55138.11,17585.81,10081.6,82805.52
142,0.024642,0.016338,0.009206,-135289.91,-46530.09,-41315.02,-223135.02
143,0.008292,0.046139,-0.004819,-50917.85,-15690.53,-14681.89,-81290.27
144,-0.009654,-0.013307,-0.019759,65171.21,14932.44,17480.38,97584.03
145,-0.016313,-0.020174,0.010082,115975.95,36273.84,29023.64,181273.43
146,-0.011193,0.04903,-0.021928,81044.38,25387.85,22193.16,128625.39
147,0.000249,-0.040938,-0.025853,-7522.96,-5432.56,1451.29,-11504.23
148,0.010674,0.027685,-0.000661,-56513.7,-22710.2,-18131.22,-97355.12
149,-0.000479,-0.016915,0.012619,-51.98,-1096.85,2195.56,1046.73
150,-0.004976,0.006674,-0.006827,32843.92,8429.91,7377.21,48651.04
151,-0.008197,0.042167,0.003438,59387.25,20290.53,13343.51,93021.29
152,0.008816,-0.000706,-0.003173,-49292.51,-16851.98,-16044.43,-82188.92
153,0.004888,-0.063286,0.004946,-38731.96,-13217.86,-7335.72,-59285.54
154,-0.026702,0.090126,0.01669,180416.31,63270.66,51810.49,295497.46
155,-0.001805,-0.046324,0.033726,10086.31,4273.44,5575.13,19934.88
156,-0.001535,-0.012053,-0.025448,6878.55,2441.43,193.97,9513.95
157,-0.011479,0.00168,-0.036994,73184.97,29940.43,19283.15,122408.55
158,-0.004707,-0.017497,-0.006683,33969.92,11399.79,7409.07,52778.78
159,-0.002138,0.065639,-0.030206,13714.41,4896.33,2167.41,20778.15
160,-0.001151,-0.045584,0.012743,822.67,5604.87,1856.77,8284.31
161,-0.00448,-0.050235,0.020613,26314.54,5906.97,9898.72,42120.23
162,-0.009043,-0.004724,0.016376,61409.65,24182.98,14065.02,99657.65
163,-0.002105,-0.006659,0.012425,20226.06,4641.59,3387.57,28255.22
164,-0.01483,0.005619,-0.013006,104435.0,29913.78,25322.78,159671.56
165,-0.014603,-0.090573,0.03722,100363.7,31878.63,23584.07,155826.4
166,0.008755,0.034757,-0.016049,-60481.84,-20583.58,-15290.68,-96356.1
167,0.001671,0.00192,0.025975,-14373.91,-6769.23,-2907.46,-24050.6
168,-0.016931,0.034787,0.001959,114810.03,34374.12,31279.67,180463.82
169,0.008781,-0.012319,0.011835,-51027.69,-17434.53,-15690.7,-84152.92
170,0.003812,-0.051954,0.001422,-25614.63,-9174.12,-10085.36,-44874.11
171,-0.010276,-0.024295,0.017901,70598.87,24398.58,20366.03,115363.48
172,0.003293,0.007015,-0.01946,-11227.74,-11169.02,-5492.51,-27889.27
173,0.008328,0.042337,-0.023102,-54670.95,-19885.64,-18451.57,-93008.16
174,0.001303,-0.035881,0.03011,-5357.15,-2612.66,-3213.08,-11182.89
175,0.001151,-0.012794,0.001391,2055.45,-5611.71,-2340.3,-5896.56
176,0.007064,-0.020007,0.031611,-41400.23,-16990.83,-11883.02,-70274.08
177,-0.007046,-0.039833,-0.002804,53235.44,17033.12,12215.04,82483.6
178,0.007812,0.013431,-0.023398,-50129.72,-16624.39,-12069.26,-78823.37
179,-0.005665,-0.045633,-0.000911,34315.46,10925.35,9694.83,54935.64
180,-0.00383,0.048159,0.028286,29542.55,2730.34,5381.02,37653.91
181,-0.001787,-0.092314,-0.017518,10727.05,2404.77,3125.85,16257.67
182,-0.013808,-0.023014,0.003038,94094.9,30338.08,24803.56,149236.54
183,-0.004071,0.006006,-0.016,25483.72,5382.39,9214.51,40080.62
184,-0.002735,0.053197,0.00623,13517.12,6496.7,6378.24,26392.06
185,-0.000776,0.003701,-0.011029,5176.81,2342.89,192.27,7711.97
186,-0.010793,0.064399,0.012082,70036.92,23324.19,15822.59,109183.7
187,-0.019771,0.054207,0.004591,137065.92,42216.46,40853.3,220135.68
188,0.008691,-0.052272,-0.033608,-49519.03,-15682.71,-13972.14,-79173.88
189,-0.008129,0.018164,-0.014467,57637.78,20018.43,13057.15,90713.36
190,0.011318,0.005743,0.009837,-77233.59,-23071.37,-21044.67,-121349.63
191,0.004746,0.073358,0.00579,-34848.58,-8087.9,-7455.04,-50391.52
192,0.020586,0.012698,-0.011709,-120420.76,-43613.67,-35659.17,-199693.6
193,-0.009285,-0.006122,0.000616,61648.85,17725.33,16731.94,96106.12
194,-0.009235,-0.05795,0.014191,65033.26,15470.11,12409.31,92912.68
195,-0.010087,-0.006415,0.023087,67094.02,18875.5,17849.28,103818.8
196,-0.00114,-0.06905,-0.027501,699.31,9833.89,3703.84,14237.04
197,-0.005937,0.055413,-0.011361,44760.57,12708.96,9012.96,66482.49
198,0.006798,0.006876,0.007965,-42070.94,-13661.18,-10227.77,-65959.89
199,0.025838,0.06244,0.004393,-154479.35,-54862.15,-47470.5,-256812.0
200,0.006645,-0.050746,-0.007449,-38849.95,-14667.39,-12547.63,-66064.97
201,-0.011975,0.060266,-0.016664,78133.28,19771.91,20796.44,118701.63
202,-0.003333,0.009093,-0.023493,25585.01,1481.56,5614.98,32681.55
203,0.001155,0.002889,0.003155,-3533.37,1548.84,-2320.71,-4305.24
204,-0.009678,0.028036,-0.005605,71340.49,18518.8,15124.44,104983.73
205,0.001438,-0.087021,-0.009349,-10949.27,-2358.25,-4494.56,-17802.08
206,-0.008795,0.057846,-0.000269,63231.14,16844.15,15194.41,95269.7
207,0.002145,0.087378,-0.004352,-14672.53,-1210.76,-4492.52,-20375.81
208,0.002846,0.050548,-0.011517,-16616.3,-740.56,-3109.91,-20466.77
209,0.002849,-0.011216,-0.012086,-23278.91,-1454.72,-2326.89,-27060.52
210,-0.006571,0.016884,0.002227,49606.07,14947.81,11388.15,75942.03
211,-0.005417,0.017043,-0.006964,36973.19,11147.48,8680.35,56801.02
212,-0.009727,0.02571,0.000851,74294.26,17330.52,18176.29,109801.07
213,-0.000826,0.104988,0.010979,7010.83,1495.27,31.81,8537.91
214,0.003114,-0.069115,-0.026726,-14960.17,-11825.62,-6057.38,-32843.17
215,-0.010491,-0.020124,0.003691,75592.5,25684.56,16416.89,117693.95
216,-0.00466,0.202628,-0.005,26364.99,7637.8,7619.46,41622.25
217,-0.003927,-0.011719,-0.000429,25732.94,5381.03,7572.29,38686.26
218,0.00121,0.024829,-0.034289,-7050.86,-8498.77,-2457.36,-18006.99
219,0.006579,0.052289,0.006689,-38414.92,-14713.68,-12466.43,-65595.03
220,0.026928,0.041358,-0.02346,-167387.97,-57943.13,-44470.26,-269801.36
221,0.000487,-0.111201,-0.003546,-3174.71,-8270.52,-799.73,-12244.96
222,-0.010134,-0.091777,0.03209,62891.47,19278.87,16271.44,98441.78
223,2.2e-05,0.088316,-0.023924,-1679.53,315.57,-1776.54,-3140.5
224,-0.003229,0.029725,-0.015114,19528.98,5486.55,5410.61,30426.14
225,0.002432,0.029328,0.038751,-28964.22,-5608.36,-6959.71,-41532.29
226,-0.003854,0.044043,0.023956,31606.77,11798.65,6357.57,49762.99
227,0.013985,0.079842,0.002776,-80617.54,-29245.42,-21513.96,-131376.92
228,-0.001617,-0.030476,-0.0224,9698.77,3648.09,921.24,14268.1
229,-0.002501,-0.026327,-0.02154,21577.22,8887.99,6414.75,36879.96
230,-0.000842,-0.001119,-0.021263,7559.23,2276.17,7152.21,16987.61
231,0.010871,0.015762,-0.000832,-62996.09,-25576.37,-16636.31,-105208.77
232,-0.010871,-0.028076,-0.036764,76393.94,23579.8,17793.33,117767.07
233,-0.009291,0.068936,-0.002672,58499.97,25277.71,14852.89,98630.57
234,0.011386,-0.05755,-0.007099,-68581.64,-24084.47,-19324.41,-111990.52
235,-0.005388,-0.07989,0.029312,33288.39,12182.57,10779.64,56250.6
236,0.003088,-0.03543,0.023195,-17286.39,-5887.6,-5021.22,-28195.21
237,0.016823,-0.036503,0.008305,-105622.68,-41136.43,-33196.83,-179955.94
238,-0.010146,-0.032922,0.043459,71759.65,23672.39,16380.52,111812.56
239,0.000613,0.115308,-0.024288,-1696.61,3546.02,864.79,2714.2
240,0.018015,0.010643,0.012069,-109248.73,-36232.3,-33177.2,-178658.23
241,0.007923,0.014712,0.001253,-41358.1,-17435.47,-11371.22,-70164.79
242,0.013073,0.042777,-0.019302,-79332.52,-21577.43,-26383.75,-127293.7
243,-0.001877,0.058115,-0.002306,16326.48,8168.4,3729.27,28224.15
244,0.00509,0.004594,0.005956,-21988.46,-10880.65,-9562.74,-42431.85
245,0.010418,-0.042146,-0.012294,-68313.93,-22644.46,-18550.92,-109509.31
246,0.006991,-0.017118,0.014789,-40020.9,-16641.62,-10478.92,-67141.44
247,0.009334,-0.088047,0.00587,-61243.88,-15692.59,-17274.69,-94211.16
248,-0.013395,-0.001491,-0.017939,95351.32,25703.31,23271.99,144326.62
249,0.015458,0.054926,0.009557,-95739.12,-31313.33,-25519.13,-152571.58
250,-0.009866,0.042567,-0.022034,69181.53,17397.98,21092.47,107671.98
251,0.007633,-0.077801,-1.9e-05,-50913.26,-17949.35,-12987.94,-81850.55
252,-0.00928,0.038073,0.014093,64014.36,19429.36,17466.73,100910.45
253,0.007914,0.022746,-0.026237,-53972.83,-17423.28,-16721.69,-88117.8
254,0.00224,0.07055,0.025034,-10749.17,-2520.93,532.94,-12737.16
255,0.008439,0.046282,-0.028778,-46584.82,-16525.65,-14842.8,-77953.27
256,-0.003276,-0.02743,0.025136,21396.21,5345.36,4157.81,30899.38
257,0.001706,-0.01798,-0.011755,-17934.22,-704.5,-3244.47,-21883.19
258,-0.010852,-0.013562,0.010983,73334.64,23362.99,18968.25,115665.88
259,-0.012769,0.047425,-0.034165,88971.62,28660.68,21777.6,139409.9
260,0.003534,-0.013857,0.00731,-17726.81,-9798.25,-4801.62,-32326.68
261,0.016924,0.013228,-0.010062,-92245.23,-35274.24,-28984.67,-156504.14
262,0.002524,0.022393,-0.006777,-15311.06,-2443.31,-5138.11,-22892.48
263,-0.0042,-0.014604,-0.021955,24282.3,6649.13,7306.85,38238.28
264,0.008361,0.072686,0.001144,-50494.05,-16828.88,-18735.81,-86058.74
265,-0.011479,0.038063,0.01717,81755.67,23572.27,15983.63,121311.57
266,-0.010285,-0.043775,0.012575,67447.46,26670.23,20831.61,114949.3
267,0.016737,-0.045826,0.009818,-104875.17,-34164.05,-30733.58,-169772.8
268,0.012262,-0.039347,-0.038945,-66148.48,-24421.79,-23473.37,-114043.64
269,-0.001623,-0.028843,0.000115,14620.77,5345.03,3330.98,23296.78
270,5.3e-05,0.053934,-0.038509,-4086.05,-3046.3,1921.11,-5211.24
271,-0.007391,-0.064298,0.010987,44726.36,14468.77,17622.5,76817.63
272,0.007871,-0.010552,-0.002423,-45232.5,-14541.3,-13545.01,-73318.81
273,0.001036,-0.073992,-0.0338,-7591.38,-4074.61,-629.78,-12295.77
274,0.001972,-0.038639,0.003264,-14820.37,2059.03,-2658.44,-15419.78
275,-0.015606,0.091026,-0.012663,102045.63,39203.81,27846.23,169095.67
276,0.007008,0.036653,-0.00412,-47306.9,-15943.86,-8975.6,-72226.36
277,0.002038,0.065646,-0.001529,-16929.67,-8606.19,-2249.9,-27785.76
278,0.016941,-0.044299,0.010267,-110537.03,-37243.15,-28941.43,-176721.61
279,-0.017283,-0.000901,-0.016734,122083.66,35797.97,31951.2,189832.83
280,-0.002796,-0.068119,-0.029739,8804.74,7770.44,9980.47,26555.65
281,0.004352,0.083602,0.022671,-30455.94,-5344.05,-8530.29,-44330.28
282,-0.004587,-0.01043,-0.003224,33596.29,7620.21,9759.72,50976.22
283,0.008747,0.017148,0.038792,-48699.75,-15160.44,-15088.24,-78948.43
284,0.003518,0.02619,0.000265,-24464.23,-14604.23,-4685.2,-43753.66
285,0.010414,-0.058056,0.012103,-68211.32,-22969.98,-15499.66,-106680.96
286,-0.009906,-0.049607,0.036097,65871.5,24542.96,14039.63,104454.09
287,-0.015186,-0.045647,-0.009629,96881.63,32998.56,27292.89,157173.08
288,-0.008981,-0.04093,-0.013736,54369.84,10174.33,15457.61,80001.78
289,-0.004304,-0.016407,-0.020236,32447.81,16315.37,5821.45,54584.63
290,0.013997,0.018332,0.000708,-88292.78,-29643.27,-22055.53,-139991.58
291,-0.011381,-0.01375,0.02498,81808.1,20531.94,19437.42,121777.46
292,0.00728,0.033171,0.019503,-44206.59,-13632.31,-11981.74,-69820.64
293,0.015797,-0.021091,0.000964,-102142.49,-36810.46,-26837.44,-165790.39
294,-0.007242,-0.002884,0.032355,56051.8,21880.05,15876.15,93808.0
295,0.02403,0.021826,-0.01806,-148205.53,-46274.39,-41709.26,-236189.18
296,0.001261,-0.027454,-0.008583,-6243.96,-5814.43,-1680.41,-13738.8
297,0.015111,-0.106682,-0.030826,-89704.6,-27640.78,-27272.58,-144617.96
298,-0.019982,0.071596,-0.016221,137063.58,42920.19,33436.52,213420.29
299,-0.008761,-0.04289,0.037159,64473.61,20122.28,10871.79,95467.68
300,0.005782,0.02621,-0.025563,-35536.73,-8987.55,-8921.81,-53446.09
301,-0.006802,0.000663,0.014607,45549.19,18046.41,12626.31,76221.91
302,0.007529,0.04107,-0.021334,-47414.53,-16808.44,-11013.16,-75236.13
303,0.004632,-0.009411,-0.025637,-37611.87,-8796.87,-9494.68,-55903.42
304,0.006661,-0.082157,0.031859,-38980.52,-13691.1,-8224.48,-60896.1
305,0.009484,-0.02375,0.001552,-69444.67,-16724.21,-17094.38,-103263.26
306,-0.019772,-0.059092,0.017418,145384.82,41583.0,32439.61,219407.43
307,-0.014207,0.070731,0.008989,95239.72,28130.93,26064.7,149435.35
308,0.006443,-0.044829,-0.022847,-46406.14,-14935.36,-12590.71,-73932.21
309,0.016181,-0.025189,-0.024993,-105252.47,-34531.85,-31799.05,-171583.37
310,-0.000601,-0.06681,0.023172,4498.79,7625.61,589.7,12714.1
311,-0.031317,0.072884,0.010038,228915.48,62758.87,54406.65,346081.0
312,0.001865,-0.011891,-0.034687,1801.73,-1408.19,-2403.25,-2009.71
313,0.013139,0.03221,-0.013544,-75269.49,-25034.95,-24140.18,-124444.62
314,0.0079,-0.012029,0.00417,-46948.42,-12484.81,-15038.25,-74471.48
315,0.00365,0.100786,-0.003521,-22440.06,-1621.51,-5075.39,-29136.96
316,-0.01474,-0.039774,0.013792,102812.13,31441.33,29969.71,164223.17
317,-0.006175,-0.003721,-0.039262,46797.87,10570.67,12858.55,70227.09
318,0.00952,0.117455,0.012986,-61623.08,-18631.76,-18083.83,-98338.67
319,0.003192,-0.010045,-0.001407,-25008.05,-5801.03,-3904.93,-34714.01
320,-0.016521,-0.03443,0.003361,101790.91,39914.83,27324.26,169030.0
321,-0.009381,-0.010367,0.002747,59173.34,22641.08,17122.14,98936.56
322,-0.008372,-0.02612,-0.030335,49731.21,18744.87,12914.28,81390.36
323,0.018043,0.003546,-0.027056,-115670.48,-34731.06,-31547.58,-181949.12
324,0.00992,-0.018324,-0.011205,-56668.31,-23407.62,-16282.6,-96358.53
325,-0.002118,0.043936,0.03637,11905.96,2806.03,5016.65,19728.64
326,-0.01082,0.080823,0.02892,67968.78,17972.7,16505.71,102447.19
327,-0.011454,0.040088,0.030983,81351.37,23344.19,20614.43,125309.99
328,-0.008698,0.05486,0.008641,62103.72,16082.73,14796.94,92983.39
329,0.007251,0.072176,-0.012162,-42044.6,-17362.75,-8381.89,-67789.24
330,-0.004148,0.032175,0.003312,40377.3,9401.02,6187.84,55966.16
331,0.006395,0.030862,-0.003149,-46121.57,-15013.63,-9364.42,-70499.62
332,-0.017474,-0.012402,0.019897,119987.25,43217.56,26916.31,190121.12
333,-0.009614,-0.115732,0.039874,59843.49,14227.96,15503.96,89575.41
334,-0.013928,-0.030239,0.000825,98922.01,28724.98,24285.46,151932.45
335,-0.005816,-0.075585,-0.036931,36742.33,12467.42,9242.53,58452.28
336,-0.018093,0.01007,0.032586,124398.77,36257.28,31361.3,192017.35
337,-0.011044,-0.058445,0.009028,79480.52,22750.68,15268.68,117499.88
338,0.003533,0.103369,-0.004878,-23575.98,-10038.23,-5185.56,-38799.77
339,-0.00671,0.051075,-0.013152,46335.87,13951.62,14785.34,75072.83
340,0.004095,0.06935,0.002172,-27092.6,-8713.64,-8667.76,-44474.0
341,0.005317,-0.034518,0.002249,-29646.45,-6414.4,-8925.32,-44986.17
342,0.008612,0.037094,-0.007648,-43770.67,-19814.07,-14803.01,-78387.75
343,0.014541,0.071473,0.000286,-84808.16,-31208.43,-26279.04,-142295.63
344,-0.012128,0.036194,0.016584,79301.27,26272.87,26404.51,131978.65
345,0.011467,-0.045074,0.020031,-76060.18,-32765.98,-19993.1,-128819.26
346,0.015632,0.069872,0.007545,-98818.64,-31367.88,-27738.03,-157924.55
347,-0.005137,0.0531,-0.010521,39617.45,9010.21,13054.59,61682.25
348,-0.016406,-0.047838,-0.003107,102777.3,26740.36,24596.22,154113.88
349,-0.002921,-0.013336,0.00666,18192.75,7032.42,4181.92,29407.09
350,0.007148,0.029716,-0.006534,-42648.3,-15583.07,-15482.45,-73713.82
351,0.009045,-0.045341,0.017876,-55331.39,-19248.0,-19492.23,-94071.62
352,0.015397,-0.018156,0.012691,-95318.99,-33148.96,-26405.96,-154873.91
353,0.000266,-0.01335,-0.001106,409.71,935.44,-375.64,969.51
354,0.006209,-0.021203,0.044498,-32065.45,-10752.35,-14687.46,-57505.26
355,0.00606,-0.016832,-0.019574,-40375.39,-15329.91,-9531.13,-65236.43
356,0.01616,0.041301,0.055251,-106931.94,-35453.98,-30004.35,-172390.27
357,0.012294,-0.011028,0.00379,-73339.98,-30181.1,-22633.71,-126154.79
358,0.009973,-0.027404,-0.034273,-67095.89,-21801.39,-17018.91,-105916.19
359,-0.000708,-0.030711,0.018786,3968.84,2115.28,110.24,6194.36
360,0.015089,-0.019582,0.001494,-87783.09,-30847.62,-25745.38,-144376.09
361,-0.019737,0.034032,0.001112,139759.89,41996.4,33223.29,214979.58
362,0.008943,0.009906,-0.025788,-49787.86,-23071.89,-13759.09,-86618.84
363,0.014869,-0.055315,-0.002455,-92755.63,-31738.48,-22212.14,-146706.25
364,-0.010947,-0.015328,0.030066,72238.4,20181.76,19574.14,111994.3
365,0.008056,-0.019642,0.011087,-57789.33,-20881.53,-14898.32,-93569.18
366,0.0059,0.038075,-0.02364,-33945.76,-11890.84,-12024.71,-57861.31
367,-0.013342,0.011491,0.025791,90904.99,25213.19,19478.83,135597.01
368,0.015295,0.052093,0.006042,-86763.42,-31447.55,-27675.21,-145886.18
369,0.005551,-0.041486,-0.019913,-31532.17,-9090.5,-12206.78,-52829.45
370,-0.012368,-0.022252,-0.014226,86216.05,26116.9,23850.09,136183.04
371,0.003173,-0.032229,-0.037823,-19498.0,-11793.4,-6834.19,-38125.59
372,-0.007217,-0.025421,-0.026321,44457.86,18593.98,14844.34,77896.18
373,0.015325,0.000507,0.005424,-88525.18,-36594.48,-25054.24,-150173.9
374,0.013023,-0.044448,0.027653,-70547.6,-25015.7,-21471.79,-117035.09
375,-0.011198,0.05346,-0.020512,77455.42,24928.58,12891.6,115275.6
376,0.004058,0.131074,-0.041837,-26276.16,-14363.22,-8849.26,-49488.64
377,-0.019298,0.007977,0.015872,135863.28,37734.77,32359.33,205957.38
378,0.002723,-0.044946,-0.026576,-18726.56,-8551.85,-3914.43,-31192.84
379,0.012987,0.129879,0.006761,-77390.59,-29070.6,-23672.09,-130133.28
380,0.012841,-0.013816,0.001459,-73638.98,-27771.06,-19341.74,-120751.78
381,0.00573,0.02277,-0.012964,-33962.46,-13320.75,-9031.89,-56315.1
382,-0.001018,0.04834,-0.000635,16831.25,1311.69,702.61,18845.55
383,0.003461,0.053894,0.021402,-21393.95,-6251.12,-5341.3,-32986.37
384,-0.010779,0.051204,-0.025157,67295.81,22800.41,18115.27,108211.49
385,0.007962,0.022368,0.002764,-55951.7,-16639.63,-13958.16,-86549.49
386,0.002222,-0.021502,0.010456,-16063.87,-3378.58,-2273.95,-21716.4
387,-0.005346,-0.038608,0.009527,28786.24,14561.5,9323.89,52671.63
388,-0.001148,0.027301,0.009679,7521.52,5045.78,652.02,13219.32
389,0.007124,-0.053931,0.010213,-46800.77,-18892.74,-11881.72,-77575.23
390,-0.000344,-0.077136,-0.042273,1479.07,5577.63,1241.05,8297.75
391,-0.006683,0.054093,0.018144,50802.52,16086.06,13400.28,80288.86
392,0.007311,-0.023875,-0.032746,-48925.06,-12038.47,-13483.31,-74446.84
393,-0.001455,-0.058289,-0.011022,9457.0,4532.33,1613.67,15603.0
394,-0.005285,0.042109,0.006505,37226.84,15684.25,8186.4,61097.49
395,-0.00049,0.027558,-0.01743,4336.9,1095.99,6407.53,11840.42
396,0.000999,0.057847,0.016599,-12251.88,-6743.73,-1243.7,-20239.31
397,0.012573,0.014396,0.001577,-79590.18,-30375.91,-23798.66,-133764.75
398,-0.016223,-0.055152,-0.01052,115252.25,32733.39,28739.51,176725.15
399,0.001352,0.024952,-0.020696,-3452.78,-7061.34,-3248.61,-13762.73
400,-0.000209,0.038007,0.027586,5199.99,4686.76,-1294.6,8592.15
401,0.011904,0.050933,-0.047926,-75288.19,-23191.67,-21743.27,-120223.13
402,-0.010858,0.105709,0.002221,73923.45,18875.35,17668.64,110467.44
403,-0.008978,0.053949,0.010093,57320.59,20536.15,15115.39,92972.13
404,0.002345,0.011488,0.008405,-13619.92,-3661.16,-1568.52,-18849.6
405,0.006406,-0.016845,-0.001959,-34562.5,-13114.55,-11893.83,-59570.88
406,-0.006311,0.013652,-0.017097,48344.22,10140.45,13937.94,72422.61
407,-0.002852,-0.053837,0.003784,13957.83,6092.95,3807.92,23858.7
408,0.009451,0.006837,-0.02377,-62405.33,-17731.7,-13870.09,-94007.12
409,-0.000453,-0.05222,0.021081,6450.29,4870.39,1368.2,12688.88
410,-0.005206,0.025844,0.006527,31574.23,11528.45,8668.33,51771.01
411,0.007435,0.0246,-0.021032,-52848.16,-15883.73,-12871.92,-81603.81
412,0.00761,0.025665,0.029174,-50496.51,-17553.37,-15160.62,-83210.5
413,0.007494,0.001088,-0.037072,-46437.01,-14939.64,-13328.38,-74705.03
414,0.002967,-0.061012,0.032821,-17183.26,-11550.85,-5173.59,-33907.7
415,0.004067,-0.055647,0.010673,-17659.99,-10474.23,-6220.05,-34354.27
416,0.002086,0.048414,-0.002177,-18794.59,-1668.02,-5644.14,-26106.75
417,0.018089,0.028038,-0.011978,-104670.78,-38013.66,-31917.0,-174601.44
418,-0.006809,-0.093909,0.012088,37158.94,11918.37,12712.82,61790.13
419,-0.005007,0.007858,-0.024274,31365.69,11004.36,6808.82,49178.87
420,0.016864,-0.031871,0.027568,-104054.05,-40119.06,-31616.53,-175789.64
421,0.001761,0.051639,0.035396,-10734.3,-7229.4,-2506.81,-20470.51
422,-0.008252,0.01961,-0.018829,44723.31,21280.08,13905.9,79909.29
423,0.000497,0.049835,0.037577,378.03,-733.86,61.66,-294.17
424,-0.002948,0.001806,0.002897,15423.29,6253.96,5863.43,27540.68
425,0.00517,0.021866,-0.026781,-26858.36,-7418.51,-9188.39,-43465.26
426,0.004555,-0.010828,0.015039,-33212.58,-5538.3,-6521.44,-45272.32
427,0.007254,-0.005253,-0.028252,-41549.45,-19372.79,-10830.6,-71752.84
428,-0.007721,-0.079352,2e-05,57443.68,13317.86,16633.08,87394.62
429,0.006567,0.007838,-0.008712,-43547.18,-12501.05,-9735.2,-65783.43
430,-0.005935,-0.040326,-0.004277,46337.93,8812.76,12611.79,67762.48
431,0.000423,-0.082637,-0.009233,304.17,4517.57,-3390.41,1431.33
432,-0.028192,-0.065478,0.022608,192160.21,63694.47,51483.29,307337.97
433,0.00191,-0.031318,0.001105,-9279.81,-2636.33,155.29,-11760.85
434,-0.002601,-0.065042,-0.029546,8672.42,6050.99,4057.05,18780.46
435,0.000327,-0.026853,-0.022203,951.53,-8074.94,-2171.38,-9294.79
436,0.007865,-0.045042,0.007834,-53731.38,-17883.83,-12535.09,-84150.3
437,-0.012778,0.037264,0.000918,93016.35,27459.26,20095.59,140571.2
438,0.01728,-0.049297,-0.004543,-100814.17,-41927.67,-27187.76,-169929.6
439,-0.011509,-0.02275,0.005777,77579.15,26536.1,16823.77,120939.02
440,0.007275,0.040362,0.020585,-54041.97,-19683.28,-13342.4,-87067.65
441,-0.013608,-0.090198,-0.007709,93790.79,36974.28,24775.72,155540.79
442,0.017523,-0.002208,0.011191,-107719.73,-28748.3,-31860.68,-168328.71
443,-0.0055,0.039827,0.004149,34308.08,14430.59,9487.26,58225.93
444,-0.000482,0.011529,-0.034682,-4828.26,4272.82,-515.3,-1070.74
445,-0.00133,0.080622,-0.001757,7631.16,5480.21,1116.82,14228.19
446,0.012029,0.043778,0.036607,-78386.28,-21160.59,-19822.78,-119369.65
447,-0.013254,-0.129809,-0.015961,91562.9,29144.74,22943.21,143650.85
448,-0.000501,-0.0063,0.020624,-3917.39,1857.59,-773.25,-2833.05
449,-0.009065,0.058812,-0.019665,60076.67,24912.86,17449.97,102439.5
450,-0.00455,-0.018619,-0.024544,36542.04,12588.43,9289.69,58420.16
451,0.007968,-0.038726,-0.030958,-47562.82,-14067.82,-10650.8,-72281.44
452,-0.002009,-0.017338,-0.004785,16502.39,3372.43,3391.01,23265.83
453,0.008311,-0.031292,0.027823,-49299.03,-23024.97,-15491.03,-87815.03
454,-0.020243,-0.009834,-0.009966,144977.03,39868.16,35999.05,220844.24
455,0.005688,0.01286,0.022802,-25905.58,-11609.97,-9087.59,-46603.14
456,-0.008803,-0.050976,0.020677,63469.13,15396.96,12700.38,91566.47
457,-0.006487,-0.007069,-0.008183,43917.4,16374.66,12212.23,72504.29
458,0.005361,-0.122577,-0.032278,-38183.44,-13152.72,-7648.85,-58985.01
459,-0.008789,0.033346,-0.015702,52862.22,14993.58,19809.42,87665.22
460,-0.008074,0.034549,-0.031164,61040.0,18001.79,14596.11,93637.9
461,0.004138,0.0262,0.016181,-29508.94,-10663.14,-7102.15,-47274.23
462,0.006844,-0.003333,0.015478,-40344.63,-15023.93,-15403.4,-70771.96
463,-0.005035,0.08714,0.006801,30102.03,11326.04,10114.67,51542.74
464,-0.006391,0.061769,0.009914,36958.63,15989.48,10300.51,63248.62
465,-0.001791,-0.050798,0.012629,10971.35,5783.01,2014.9,18769.26
466,-0.006654,-0.037322,0.007921,40845.68,13364.13,10541.16,64750.97
467,0.004401,-0.086765,0.004941,-19512.97,-5533.68,-8890.77,-33937.42
468,0.004946,0.015028,0.029388,-44149.27,-7048.04,-9141.11,-60338.42
469,-0.007432,-0.03859,-0.025998,46482.16,12368.61,13292.62,72143.39
470,0.005899,-0.012829,0.029994,-40304.99,-13315.28,-11210.8,-64831.07
471,0.005986,0.034979,0.009907,-38724.49,-16592.86,-11054.85,-66372.2
472,0.014781,0.050662,0.005881,-93085.32,-31081.79,-26479.64,-150646.75
473,0.011931,-0.041948,0.018473,-76991.78,-21091.3,-19905.55,-117988.63
474,-0.007494,-0.015466,0.014233,47478.03,15803.54,12013.45,75295.02
475,0.017591,0.096554,0.029262,-108001.87,-38149.72,-32166.97,-178318.56
476,0.015357,0.046536,0.019575,-95765.03,-37523.84,-29777.47,-163066.34
477,0.000576,-0.026134,-0.012754,-2013.0,1830.66,-2405.29,-2587.63
478,-0.013056,-0.033874,-0.020879,91664.18,27405.48,26478.59,145548.25
479,0.007347,0.090693,-0.028078,-62804.36,-14699.41,-12537.08,-90040.85
480,-0.001228,0.00479,-0.022481,10830.87,4787.07,-263.03,15354.91
481,-0.003536,-0.014593,-0.013416,17462.19,7463.88,6674.88,31600.95
482,-0.006102,-0.054539,0.008211,36662.96,11886.21,9745.02,58294.19
483,0.012457,-0.036072,0.034511,-73718.03,-20697.19,-20346.05,-114761.27
484,-0.00221,-0.045868,-0.007108,21914.23,4498.12,5168.01,31580.36
485,0.00207,0.012483,0.005763,-10880.05,-6788.72,-4151.11,-21819.88
486,0.003093,0.008174,-0.009224,-17807.09,-8809.0,-7828.06,-34444.15
487,0.00295,-0.059925,0.005602,-28751.69,-8369.66,-5787.91,-42909.26
488,-0.016066,-0.018634,0.0237,103887.62,32703.22,31360.74,167951.58
489,-0.010619,0.069861,-0.00558,72067.5,26173.52,17506.18,115747.2
490,0.00631,0.04423,-0.013016,-43927.88,-13937.35,-11374.48,-69239.71
491,-0.010789,-0.03208,-0.069338,71079.54,25341.09,15440.32,111860.95
492,-0.004631,0.122117,-0.000451,37371.0,6690.29,8956.35,53017.64
493,-0.011822,0.020053,0.016845,83013.75,23791.77,21120.46,127925.98
494,0.002845,0.033299,-0.002475,-13654.18,-1670.51,-5585.89,-20910.58
495,0.000464,-0.045241,0.006805,-1280.54,-801.28,-541.25,-2623.07
496,0.019218,-0.144336,-0.009933,-118327.15,-35987.62,-32489.2,-186803.97
497,0.004997,0.062993,-0.003599,-28656.15,-12085.7,-10801.15,-51543.0
498,0.017942,0.018452,0.012893,-114778.9,-36146.45,-27662.04,-178587.39
499,-0.002775,-0.06279,0.00368,13027.97,1153.06,3358.1,17539.13
500,-0.004926,-0.049362,0.026529,42012.88,12198.82,9339.59,63551.29
501,-0.00142,-0.044817,0.032058,8964.26,1595.25,4501.15,15060.66
502,-0.000736,0.048865,-0.008195,9883.34,4484.57,3930.02,18297.93
503,-0.007094,-0.004152,0.038955,46012.94,17331.0,16925.12,80269.06
504,-0.01849,-0.013978,3.7e-05,118885.93,37461.95,30230.55,186578.43
505,0.008577,-0.086632,0.037786,-50644.91,-21172.86,-12870.89,-84688.66
506,0.00597,-0.001938,-0.014429,-35263.5,-12167.81,-11765.93,-59197.24
507,-0.013433,-0.042529,-0.010066,97183.77,30790.63,22472.5,150446.9
508,-0.004112,0.049568,0.005347,28375.11,6524.95,6907.94,41808.0
509,4.3e-05,-0.00456,0.014681,3549.8,-2846.37,-1074.58,-371.15
510,-0.006874,0.069426,0.04507,43424.26,13933.56,13644.93,71002.75
511,-0.007072,0.043245,-0.000417,38375.35,10950.13,11629.76,60955.24
512,0.012229,-0.044627,-0.010682,-75070.93,-30688.21,-20682.2,-126441.34
513,-0.015437,0.028359,-0.016176,100994.91,33236.93,28449.06,162680.9
514,0.003763,0.010382,0.004436,-22226.75,-6557.35,-7335.48,-36119.58
515,0.006545,-0.03991,0.021828,-37666.63,-7201.86,-10360.65,-55229.14
516,0.009091,-0.078027,0.018834,-51349.66,-14576.93,-15577.4,-81503.99
517,-0.003419,-0.054476,-0.019961,22358.04,1925.45,4412.51,28696.0
518,0.000895,0.00336,-0.019388,-11970.22,-5133.5,-1999.39,-19103.11
519,0.021298,0.053017,0.004284,-125461.28,-41678.15,-35707.23,-202846.66
520,-0.003082,-0.042279,-0.002505,25268.59,5661.24,3153.5,34083.33
521,-0.017234,-0.006052,-0.020513,116524.65,40561.11,29880.3,186966.06
522,-0.007505,0.015438,0.038419,49443.65,8693.1,14358.17,72494.92
523,0.003464,0.004506,-0.004384,-26284.28,-2730.11,-9704.5,-38718.89
524,-0.00309,-0.016617,0.017069,26475.55,5807.98,5761.85,38045.38
525,0.00278,0.052666,0.020655,-20587.34,-4524.02,-4070.47,-29181.83
526,-0.001159,0.018689,0.000404,8353.83,-1633.91,180.91,6900.83
527,0.008178,-0.060529,0.009402,-52056.61,-14080.9,-12931.34,-79068.85
528,-0.004533,-0.011162,-0.039711,29273.45,5708.42,7449.64,42431.51
529,-0.006379,-0.043831,0.023754,35999.24,10507.09,9703.36,56209.69
530,-0.004811,-0.043839,-0.007183,33304.26,12113.06,9614.07,55031.39
531,-0.019082,0.01901,0.008838,128913.96,45075.31,35378.06,209367.33
532,-0.00183,-0.029798,0.033029,11876.89,4098.62,3329.54,19305.05
533,0.023031,-0.010826,-0.000473,-141922.45,-49533.69,-42136.8,-233592.94
534,-0.008107,-0.090498,0.01763,54960.29,17742.73,14001.88,86704.9
535,0.000718,0.080957,-0.015375,-3261.42,-688.11,1035.25,-2914.28
536,0.004387,0.024446,-0.025165,-32124.13,-12712.42,-12584.34,-57420.89
537,0.003972,-0.013081,0.007981,-25285.53,-7619.88,-4235.04,-37140.45
538,7.3e-05,0.033449,-0.006045,3649.88,-3872.11,-3802.05,-4024.28
539,0.021067,0.091815,-0.03891,-127127.96,-43790.12,-35209.95,-206128.03
540,0.017392,-0.053071,-0.020154,-106248.53,-39414.12,-35690.51,-181353.16
541,-0.002272,0.042877,-0.000409,18007.02,6215.06,1900.01,26122.09
542,0.00068,-0.076258,-0.010238,-4158.72,-1431.91,-3765.44,-9356.07
543,-0.01089,0.014548,0.016548,72418.17,22097.83,20811.07,115327.07
544,-0.007721,0.086351,-0.026905,56767.97,17830.89,18254.19,92853.05
545,-0.011212,-0.116701,0.024989,68347.63,25391.89,21872.65,115612.17
546,0.003798,0.011609,0.008019,-20172.85,-6213.77,-9041.0,-35427.62
547,0.01825,0.002555,0.010367,-107576.13,-34857.21,-29650.78,-172084.12
548,0.001317,0.003373,0.008172,-3023.54,-6104.34,-1004.03,-10131.91
549,-0.008863,0.092561,0.007346,57298.36,19898.92,15440.42,92637.7
550,-0.001602,-0.090461,-0.020484,9767.62,-1701.14,1612.9,9679.38
551,-0.004999,-0.038972,0.015447,28653.23,10762.6,7991.49,47407.32
552,-0.001188,0.08032,0.003594,9618.74,198.49,3319.37,13136.6
553,0.00584,0.02438,-0.024184,-40116.98,-7962.63,-11536.57,-59616.18
554,0.0157,-0.02732,0.002964,-97439.13,-35504.16,-28978.61,-161921.9
555,-0.007042,0.007403,0.017808,47307.48,14688.97,14674.58,76671.03
556,0.000413,-0.027143,-0.019955,3669.1,-1856.29,-1876.43,-63.62
557,-0.00665,0.06071,-0.011459,49175.26,13274.68,9154.99,71604.93
558,-0.003325,-0.00164,-0.002303,21160.78,6016.49,4215.34,31392.61
559,0.000107,0.027047,-0.029252,5797.63,-11315.35,-36.34,-5554.06
560,0.004661,-0.030168,-0.042517,-30290.49,-9278.74,-10407.35,-49976.58
561,-0.008301,0.048136,0.002354,47965.81,18782.29,12583.28,79331.38
562,-0.007748,0.009883,0.00209,49697.1,14757.38,12979.27,77433.75
563,-0.007806,0.054451,-0.031384,50905.17,12014.25,15454.33,78373.75
564,-0.002423,-0.052833,0.013701,4422.63,5931.17,6518.78,16872.58
565,0.001795,-0.025326,-0.024844,-6185.23,-988.15,-4414.78,-11588.16
566,-0.006186,0.059338,0.010632,32139.62,12404.28,10299.18,54843.08
567,0.002476,0.000302,-0.010254,-15066.47,-6543.66,2519.53,-19090.6
568,0.001227,-0.000735,0.036856,-14765.14,-2907.2,-4034.67,-21707.01
569,0.00635,-0.024717,0.011602,-37828.11,-10994.09,-10000.14,-58822.34
570,-0.00224,-0.069883,0.020182,21720.63,1891.22,5370.04,28981.89
571,-0.011704,0.010172,0.008188,77024.41,24862.83,22060.72,123947.96
572,-0.001094,-0.033757,-0.024476,5185.19,-1226.42,1149.08,5107.85
573,-0.004652,0.040205,0.00147,43464.07,3729.32,8721.96,55915.35
574,-0.004516,-0.047802,-0.000595,29286.86,12716.12,8039.6,50042.58
575,-0.006928,0.016711,-0.004593,40484.65,13803.2,12516.63,66804.48
576,0.000723,0.016516,-0.01053,-3098.54,-1157.58,-1001.26,-5257.38
577,0.000324,0.108805,0.022203,-623.86,-3080.11,-1147.67,-4851.64
578,0.016158,-0.028147,-0.003315,-100259.01,-32827.89,-28988.01,-162074.91
579,0.001769,-0.020716,0.02629,-14856.78,-781.08,-4247.6,-19885.46
580,-0.008537,-0.03504,-0.034229,59326.49,14436.74,14139.35,87902.58
581,0.007616,0.036468,-0.028633,-46647.53,-12572.57,-14525.9,-73746.0
582,0.005136,-0.057164,0.007713,-32132.45,-8801.6,-7737.88,-48671.93
583,-0.013535,0.006828,0.029058,81171.71,31323.93,26754.03,139249.67
584,-0.014846,-0.033535,0.010355,97030.0,35271.08,27950.45,160251.53
585,-0.01385,-0.037153,0.015397,97991.68,35739.55,22338.6,156069.83
586,0.014592,-0.045696,0.010006,-85596.48,-39625.27,-23567.98,-148789.73
587,0.013846,0.054794,0.041067,-80857.82,-30687.58,-21613.49,-133158.89
588,-0.00594,0.004121,0.016636,41642.0,16526.69,15312.36,73481.05
589,-0.011374,-0.016417,0.006328,74523.29,23657.52,21341.77,119522.58
590,0.006429,0.012367,0.002955,-41978.4,-9287.51,-7859.83,-59125.74
591,0.010188,-0.057469,-0.005244,-62889.12,-24217.18,-17569.2,-104675.5
592,0.000222,0.054207,-0.009966,4373.21,-3338.76,-2022.34,-987.89
593,-0.003794,0.002394,-0.04833,27278.85,13094.64,7903.44,48276.93
594,-0.002107,-0.05423,-0.03626,5578.29,4031.55,7879.48,17489.32
595,-0.027171,0.035011,-0.013554,191542.89,54245.44,44542.2,290330.53
596,0.001256,0.01314,0.013367,-16557.12,-16.47,-402.47,-16976.06
597,0.004245,-0.021048,0.006169,-27988.9,-6008.82,-8119.28,-42117.0
598,0.00108,-0.086916,0.006106,-10743.1,-731.11,-302.78,-11776.99
599,-0.0061,0.001559,0.00349,42325.71,15179.01,11931.55,69436.27
600,-0.003799,0.079916,0.01504,32043.3,9017.82,7421.7,48482.82
601,-0.001172,-0.022189,0.019507,8971.27,2066.32,-6.13,11031.46
602,0.015551,0.005631,-0.024534,-95234.03,-33260.19,-27542.9,-156037.12
603,0.005763,-0.009977,-0.00611,-29897.69,-17320.16,-10129.69,-57347.54
604,0.009289,0.031347,0.020401,-48326.29,-14409.03,-18473.09,-81208.41
605,-0.016107,0.016343,-0.027082,100900.7,34773.5,29160.33,164834.53
606,0.017111,0.038422,0.038391,-102858.37,-39342.76,-28129.47,-170330.6
607,0.013343,0.019554,0.029011,-83340.72,-26382.88,-23565.71,-133289.31
608,0.02379,0.042063,-0.022334,-132640.19,-52159.45,-41367.97,-226167.61
609,0.004683,0.0275,0.009674,-35611.34,-8373.21,-5947.14,-49931.69
610,0.010719,-0.065091,-0.013113,-72308.76,-21489.71,-21753.73,-115552.2
611,-0.011227,-0.033257,-0.035936,75675.53,17258.11,20506.41,113440.05
612,-0.00397,-0.031199,-0.009215,25859.13,10116.05,9542.37,45517.55
613,0.010139,0.111584,0.013506,-62889.29,-22663.12,-18489.56,-104041.97
614,0.00539,-0.049972,0.00458,-34478.03,-13504.09,-11481.64,-59463.76
615,0.025247,-0.069829,-0.001355,-143651.77,-51431.9,-44877.16,-239960.83
616,-0.011921,0.006489,-0.05279,81536.63,25139.57,22883.6,129559.8
617,-0.011433,-0.016174,0.008738,78286.18,19982.2,18599.11,116867.49
618,0.013999,0.012966,-0.033282,-82168.65,-34195.94,-24972.5,-141337.09
619,0.005633,0.060685,-0.046758,-32341.14,-9243.63,-10915.04,-52499.81
620,0.000909,-0.152599,-0.05496,-347.83,-3525.78,-2274.24,-6147.85
621,0.002347,-0.018297,-0.009174,-13157.61,-9414.81,-1763.53,-24335.95
622,-0.002303,-0.050283,-0.022804,15298.79,3916.18,908.67,20123.64
623,-0.006018,-0.04046,0.025237,40586.51,17346.56,9051.98,66985.05
624,-0.002911,0.019328,0.012083,22719.23,3450.34,3346.34,29515.91
625,-0.003554,0.074045,-0.020014,20751.92,9653.4,7537.02,37942.34
626,0.005554,0.004042,-0.021303,-38861.97,-8284.32,-8117.0,-55263.29
627,-0.01335,0.043473,0.026176,91053.09,29313.53,25251.71,145618.33
628,-0.006957,0.11648,0.024462,48930.75,14506.52,13095.02,76532.29
629,-0.015603,0.104104,0.022578,114216.01,32858.2,26428.34,173502.55
630,-0.006743,0.040679,-0.010251,43916.24,15799.65,10414.29,70130.18
631,0.010439,-0.000887,-0.030162,-68754.45,-17998.33,-20038.68,-106791.46
632,0.008941,0.006084,-0.003434,-43753.47,-22628.28,-17037.22,-83418.97
633,-0.000234,0.120787,-0.000422,2895.45,-515.48,1124.94,3504.91
634,-0.002738,0.034766,0.015484,16796.3,2373.73,4951.56,24121.59
635,0.014021,-0.041333,0.006678,-92743.24,-32563.98,-21796.19,-147103.41
636,0.006915,0.017448,-0.046435,-46638.14,-12701.76,-14930.81,-74270.71
637,-0.003539,0.038333,-0.030223,14887.9,2950.11,6826.58,24664.59
638,-0.00557,0.043902,0.00242,46305.63,7984.52,10355.32,64645.47
639,-0.007952,0.030011,0.002399,48146.18,16228.05,13982.93,78357.16
640,-0.005993,0.036358,-0.020622,50218.26,15446.56,11125.46,76790.28
641,0.028453,-0.015465,0.012228,-165616.45,-57359.2,-46516.24,-269491.89
642,0.005489,0.05209,-0.011008,-36034.43,-6613.07,-8358.01,-51005.51
643,0.002483,-0.037662,0.019332,-19909.62,-8443.29,-4090.98,-32443.89
644,-0.024025,0.030554,0.007539,167384.93,49665.99,41564.73,258615.65
645,-0.007891,0.009229,-0.004988,53256.66,16104.49,13025.76,82386.91
646,0.002785,0.039055,-0.010495,-15950.15,-4290.05,-7413.5,-27653.7
647,0.009765,0.102823,-0.001762,-62185.68,-21146.45,-15750.66,-99082.79
648,0.005108,-0.079533,-0.017322,-30077.03,-11161.41,-11219.78,-52458.22
649,0.015003,-0.039986,0.000716,-93310.25,-34741.53,-25734.62,-153786.4
650,0.003921,-0.023384,-0.006724,-22138.58,-14159.66,-8512.67,-44810.91
651,0.002134,-0.026337,-0.010821,-9262.31,-6382.11,244.59,-15399.83
652,-0.017545,-0.1106,0.017579,116049.77,33943.54,32497.99,182491.3
653,-0.004973,0.045518,-0.012208,34691.49,8908.37,6812.85,50412.71
654,0.017306,0.055823,-0.014533,-106642.36,-31913.95,-32088.9,-170645.21
655,-0.009341,0.023503,0.04541,62949.44,22765.7,14218.6,99933.74
656,0.003611,-0.017981,0.037333,-15181.64,-743.85,-7673.29,-23598.78
657,0.000355,0.018758,-0.013129,-1649.27,1981.47,-1718.4,-1386.2
658,-0.007034,-0.038483,-0.026874,51101.23,12653.48,10616.19,74370.9
659,0.005291,-0.000531,-0.010511,-29706.59,-12806.8,-13559.72,-56073.11
660,0.013332,-0.04141,-0.014379,-86234.02,-27819.3,-23746.91,-137800.23
661,0.009881,0.082256,-0.013584,-66718.02,-22315.2,-16314.32,-105347.54
662,-0.001164,-0.025021,-0.02594,-3450.52,-570.57,4553.51,532.42
663,0.00436,-0.009577,0.014596,-34351.24,-8985.6,-11158.98,-54495.82
664,0.00346,0.012976,0.005666,-16383.76,-4938.42,-8438.56,-29760.74
665,0.011827,-0.010473,-0.039403,-74273.18,-22895.72,-22607.02,-119775.92
666,0.013329,-0.046166,-0.009622,-85962.32,-33116.95,-25178.0,-144257.27
667,-0.007119,-0.006505,-0.060029,50993.79,17069.07,14749.27,82812.13
668,-0.014917,-0.014642,0.018829,107101.42,35761.56,26160.24,169023.22
669,-0.00056,-0.077897,0.021298,1343.78,1277.27,908.29,3529.34
670,-0.023947,-0.040573,0.009078,168311.78,51673.17,43234.64,263219.59
671,-0.008232,-0.025758,-0.002824,58903.01,16585.76,10762.19,86250.96
672,-0.001982,0.036664,0.02714,14373.14,-296.15,2635.64,16712.63
673,0.004751,0.043311,0.010141,-31628.97,-7400.65,-9547.12,-48576.74
674,0.001846,0.037489,0.011533,-8930.0,-2155.89,-5310.28,-16396.17
675,0.000176,-0.045462,-0.005789,-6984.75,666.19,-4235.8,-10554.36
676,0.006173,0.000767,0.038043,-40288.95,-13577.6,-9375.63,-63242.18
677,-0.001465,0.013742,0.019888,8232.74,6662.13,-809.29,14085.58
678,0.016035,-0.089408,0.027044,-107773.42,-27731.33,-27578.8,-163083.55
679,-0.009449,0.093256,-0.021777,62289.52,27656.71,17232.06,107178.29
680,-0.02026,-0.013665,-0.007235,141869.2,42412.98,36344.36,220626.54
681,-0.015281,-0.027395,0.006237,100766.45,35376.97,25103.87,161247.29
682,0.001433,-0.005248,-0.020294,-8967.71,-6945.71,-3381.15,-19294.57
683,0.000303,-0.071367,0.01247,-663.88,960.25,-521.83,-225.46
684,-0.011507,-4e-06,0.012462,71822.05,20831.88,19529.73,112183.66
685,-0.003713,-0.000808,-0.005834,25246.66,11463.37,7537.91,44247.94
686,0.000562,-0.055336,-0.01444,565.91,-2584.64,-2912.54,-4931.27
687,0.02098,0.076223,-0.002489,-131881.55,-41888.62,-37485.91,-211256.08
688,0.008885,-0.024453,0.032908,-58571.98,-11564.99,-15070.35,-85207.32
689,0.013843,-0.027005,-0.026227,-97199.3,-25240.61,-23950.89,-146390.8
690,-0.012476,0.06591,0.02312,91506.33,22179.73,24200.64,137886.7
691,0.00384,0.071381,0.010855,-23765.8,-4284.93,-4978.53,-33029.26
692,0.010818,-0.024402,-0.003448,-76350.84,-24397.45,-17241.93,-117990.22
693,0.005642,-0.048977,0.025647,-21090.64,-14556.12,-10228.63,-45875.39
694,-0.006216,-0.004744,0.005478,37786.39,12222.74,10990.25,60999.38
695,0.004716,0.073325,-0.00029,-32962.89,-7814.62,-7405.53,-48183.04
696,-0.001928,0.024251,-0.007663,9965.53,-1648.57,2699.35,11016.31
697,-0.017625,-0.03197,0.01159,114027.74,36443.45,30798.85,181270.04
698,-0.002386,-0.024067,0.006508,17957.21,5015.06,3300.02,26272.29
699,0.008647,-0.065537,0.013748,-52426.89,-17562.37,-15066.2,-85055.46
700,-0.0189,0.069368,0.016773,126077.98,41965.77,33263.14,201306.89
701,-0.00583,0.05959,-0.008617,45440.52,13845.88,12057.35,71343.75
702,0.005791,0.026637,0.004305,-40520.13,-11973.22,-8243.3,-60736.65
703,0.007193,0.025063,-0.041915,-46654.0,-16059.32,-14721.63,-77434.95
704,0.009038,-0.101265,0.016733,-50260.3,-19608.44,-15874.06,-85742.8
705,0.009676,-0.038183,0.013216,-65374.04,-23971.07,-16243.55,-105588.66
706,-0.000267,-0.08605,0.028306,-337.33,2092.47,3674.72,5429.86
707,0.002476,0.063665,-0.017261,-8851.41,-7677.29,-5450.6,-21979.3
708,-0.014547,0.013421,0.012619,103148.41,26253.21,26061.13,155462.75
709,0.00412,0.030739,-0.015455,-38923.48,-6532.19,-7460.15,-52915.82
710,0.002802,-0.00473,0.00469,-14353.37,-11456.13,-2594.15,-28403.65
711,-0.001821,0.081354,-0.009189,8505.92,3379.97,4169.25,16055.14
712,-0.002744,0.028626,-0.007743,18176.73,12471.06,5488.27,36136.06
713,0.004375,-0.073628,0.027086,-22674.27,-11330.77,-5518.98,-39524.02
714,0.003298,0.002321,0.025819,-23753.84,-9092.89,-5323.41,-38170.14
715,0.005282,0.048316,-0.003019,-37955.92,-3507.1,-11364.37,-52827.39
716,0.000551,0.038985,0.023022,-6411.64,-6782.23,-2139.59,-15333.46
717,0.008613,0.031875,0.013402,-50758.42,-14067.52,-16538.79,-81364.73
718,-0.011979,0.018524,-0.02097,74787.45,28827.74,21344.14,124959.33
719,0.000285,0.002464,-0.002123,4235.98,-5142.2,-3607.83,-4514.05
720,-0.009364,0.014458,0.036107,67183.04,21441.34,16133.3,104757.68
721,-0.013325,0.025749,0.040519,89409.34,26301.11,22715.53,138425.98
722,0.005998,0.005587,0.0182,-38341.75,-13317.81,-9977.66,-61637.22
723,-0.005397,0.087038,0.016462,30234.15,9095.42,10520.62,49850.19
724,0.001833,0.015126,-0.003843,-9564.16,-4355.49,-2062.97,-15982.62
725,0.00773,0.080337,-0.010294,-48957.89,-19890.54,-9798.17,-78646.6
726,-0.019755,0.084143,0.001869,139279.6,40988.24,34435.69,214703.53
727,0.005881,-0.081832,-0.013043,-41672.64,-11007.56,-10223.94,-62904.14
728,0.006181,0.008239,0.021172,-43018.01,-12805.55,-8536.14,-64359.7
729,0.009093,-0.073982,-0.020422,-57654.68,-19800.36,-15953.13,-93408.17
730,0.007962,0.014469,0.006954,-46972.98,-13497.47,-19965.74,-80436.19
731,-0.003866,-0.044148,0.009506,23156.53,8346.74,8431.59,39934.86
732,-0.00603,0.018141,0.031077,44170.25,7905.37,9908.46,61984.08
733,0.003558,0.027639,-0.005047,-26042.14,-7268.85,-8364.97,-41675.96
734,0.010997,0.093434,0.007894,-69923.74,-20271.72,-17591.52,-107786.98
735,-0.002755,-0.002392,-0.012191,18904.4,6683.08,3234.14,28821.62
736,-0.010747,-0.066301,0.008331,72395.14,22317.48,19628.42,114341.04
737,-0.00901,-0.053513,0.004822,51745.53,18143.25,20609.63,90498.41
738,-0.013485,-0.021487,-0.042458,90578.04,34218.9,24398.39,149195.33
739,-0.006138,0.109071,-0.034847,43013.0,13084.1,10185.71,66282.81
740,0.008071,-0.059099,0.006252,-50067.01,-19561.96,-10143.4,-79772.37
741,-0.001818,-0.006933,-0.020554,11077.12,10822.85,2658.54,24558.51
742,0.005187,0.047527,-0.003628,-35158.21,-9475.95,-9507.93,-54142.09
743,-0.003318,0.046994,-0.001388,27883.9,6692.97,3139.71,37716.58
744,-0.034258,-0.091907,-0.033319,250415.55,69027.7,55660.58,375103.83
745,-0.001309,-0.054091,0.009262,10738.77,4381.28,-2838.8,12281.25
746,0.000454,-0.00607,-0.024433,-13634.11,-1279.65,1338.11,-13575.65
747,-0.025818,-0.041626,0.002631,188436.16,53279.8,48784.59,290500.55
748,-0.017953,-0.100847,0.020354,112198.84,39086.03,30649.27,181934.14
749,-0.00901,-0.021333,-0.025781,58799.92,18973.27,14844.97,92618.16
750,-0.005849,0.012707,0.033191,37459.68,14743.63,8245.54,60448.85
751,-0.013341,0.022666,-0.004671,96367.26,31991.98,24891.18,153250.42
752,0.008174,-0.171268,0.00889,-47310.72,-20979.87,-14204.49,-82495.08
753,-0.010427,0.051376,-0.01912,66259.41,20505.14,22642.29,109406.84
754,0.010047,0.08063,-0.036262,-69379.1,-17082.38,-21001.62,-107463.1
755,-0.006717,0.102767,-0.019269,35569.59,14247.79,8127.82,57945.2
756,0.012373,-0.044743,-0.021905,-76830.07,-27195.57,-21023.45,-125049.09
757,0.005215,-0.010864,-0.023229,-29633.32,-13031.82,-10812.36,-53477.5
758,0.001427,-0.096433,0.007818,-8248.34,369.59,-3483.08,-11361.83
759,0.013248,0.026482,-0.000536,-73081.42,-27535.82,-24088.8,-124706.04
760,0.001238,-0.026948,0.007473,-1411.66,-2624.65,-1974.54,-6010.85
761,0.007978,0.059362,-0.009053,-49565.14,-14347.67,-13222.36,-77135.17
762,-0.018621,0.049136,0.010458,131807.16,35527.43,32705.14,200039.73
763,0.008433,-0.044029,-0.012411,-48914.77,-19711.56,-15091.22,-83717.55
764,-0.010346,0.090997,0.010412,68381.72,20399.87,15545.64,104327.23
765,-0.001101,0.033253,-0.016196,7711.49,1209.96,4675.97,13597.42
766,-0.006367,0.038858,0.02788,40411.88,11604.94,12923.96,64940.78
767,-0.017812,0.02153,-0.031506,129030.32,36649.41,30811.74,196491.47
768,-0.007242,-0.079135,0.025317,47401.12,24835.54,10981.57,83218.23
769,-0.006467,-0.044862,-0.003523,50852.19,16610.99,8243.37,75706.55
770,0.012041,0.03414,0.009628,-78426.72,-27116.25,-20677.55,-126220.52
771,-0.005532,0.065632,-0.011919,26910.23,7712.05,7149.1,41771.38
772,-0.002633,0.010803,0.001076,19578.21,4773.47,4148.44,28500.12
773,0.017519,0.060268,0.008166,-102382.27,-42567.7,-32127.44,-177077.41
774,-0.004322,-0.040538,-0.030915,30616.25,13233.52,7494.72,51344.49
775,0.006482,-0.002127,-0.008833,-36590.54,-17896.4,-15005.17,-69492.11
776,-0.014423,0.042679,0.001744,100312.69,35319.07,22769.34,158401.1
777,0.012042,-0.019816,-0.010967,-74602.41,-24574.37,-21373.65,-120550.43
778,0.006103,0.004262,-0.003987,-40913.76,-12101.56,-13332.78,-66348.1
779,-0.010745,-0.018373,0.010898,83151.96,22085.76,15147.21,120384.93
780,-0.007902,0.032945,-0.019406,46242.47,18556.2,14680.07,79478.74
781,-0.014725,-0.04475,0.024893,104858.22,27331.24,21644.43,153833.89
782,0.002685,-0.014803,0.003635,-14118.13,-8507.68,-5536.5,-28162.31
783,-0.008991,-0.043162,0.011295,60977.84,14191.4,17093.83,92263.07
784,-0.003501,0.038558,-0.020295,18401.85,8106.61,3898.3,30406.76
785,-0.002749,-0.060504,-0.007827,17878.01,5818.28,4053.44,27749.73
786,0.003334,0.00739,-0.001787,-24547.0,-3795.63,-5027.72,-33370.35
787,-0.010361,0.032444,0.01751,69354.68,21713.02,13910.55,104978.25
788,-0.008434,0.042185,-0.015652,55625.09,15136.4,15137.51,85899.0
789,0.003937,0.021024,-0.022787,-24710.93,-3538.88,-5354.14,-33603.95
790,0.000933,-0.096549,-0.004987,2184.9,1995.86,-701.13,3479.63
791,-0.007193,0.002614,0.01547,52623.4,16043.8,14226.43,82893.63
792,-0.000587,-0.005145,-0.009178,5945.45,4233.56,2438.14,12617.15
793,-0.01218,-0.058224,0.022073,83393.36,26225.71,21580.06,131199.13
794,0.017516,-0.022314,0.022333,-105784.99,-41585.97,-32128.23,-179499.19
795,-0.00607,0.054655,0.024546,42055.35,11179.32,8740.37,61975.04
796,0.011376,-0.064228,-0.002078,-59208.71,-25448.56,-22337.31,-106994.58
797,-0.017655,0.1202,0.006973,117422.29,36507.21,29393.06,183322.56
798,-0.018636,0.039406,0.000676,132469.95,39154.33,32688.37,204312.65
799,-0.022348,0.045392,-0.021766,152340.51,45347.65,34768.54,232456.7
800,-0.005826,-0.032609,-0.007557,30123.86,15016.81,10932.6,56073.27
801,-0.00864,-0.029077,0.016763,56555.01,14423.24,14867.12,85845.37
802,-0.010878,-0.035394,-0.001012,78648.51,28914.68,21653.7,129216.89
803,-0.000719,0.112867,0.011165,-216.17,1792.63,-63.53,1512.93
804,-0.012479,-0.058711,-0.002945,88388.77,29410.63,19224.13,137023.53
805,-0.003033,0.02433,0.003037,23391.47,5064.35,7822.53,36278.35
806,-4.2e-05,0.037886,-0.007615,567.73,-4699.0,-1599.7,-5730.97
807,-0.002075,0.005003,0.053624,11672.48,226.82,7014.84,18914.14
808,0.010788,-0.057826,0.009305,-63329.67,-22164.12,-18120.13,-103613.92
809,-0.006323,0.025189,-0.009827,28769.11,13866.18,7649.36,50284.65
810,0.010135,-0.056541,-0.04906,-72412.44,-21407.81,-17261.78,-111082.03
811,-0.014126,-0.053619,-0.000161,101172.5,26035.13,25338.23,152545.86
812,-0.017387,0.015794,0.015116,122437.78,39495.7,32108.7,194042.18
813,0.018469,0.005431,0.036998,-117095.96,-39401.59,-32366.62,-188864.17
814,-0.010428,-0.118033,0.017386,65577.97,20695.99,21313.62,107587.58
815,0.005721,0.087011,0.002411,-33671.68,-12735.8,-11651.67,-58059.15
816,0.005518,-0.021795,0.01289,-38033.82,-12113.8,-9791.76,-59939.38
817,0.01077,-0.021217,0.02374,-71917.31,-21806.69,-20114.39,-113838.39
818,0.011157,-0.040933,-0.014335,-76003.99,-23121.54,-18231.88,-117357.41
819,0.004831,-0.007212,-0.013211,-32271.62,-10867.3,-7901.23,-51040.15
820,0.001839,0.086986,0.000793,-10070.37,-3646.54,-3852.51,-17569.42
821,0.003541,-0.021033,-0.001164,-16936.42,-8891.64,-5386.21,-31214.27
822,-0.024813,-0.009267,-0.009842,175742.45,51399.62,43458.51,270600.58
823,-0.003787,0.019317,-0.034293,25492.99,5140.75,8924.53,39558.27
824,-0.009532,0.049761,-0.000231,54859.48,17388.69,18281.53,90529.7
825,0.00791,-0.064968,0.031257,-50130.58,-13956.65,-16187.24,-80274.47
826,-0.004559,0.020795,-0.006263,15500.48,9002.58,4004.12,28507.18
827,-0.010707,-0.070143,0.022651,79406.15,23509.24,18169.91,121085.3
828,0.000283,0.056593,-0.039669,-7215.72,2417.01,1931.45,-2867.26
829,0.005897,-0.052249,0.019791,-30742.24,-10229.4,-15249.17,-56220.81
830,0.001246,0.029262,-0.010312,-7130.35,-4156.87,-3891.14,-15178.36
831,0.015106,0.010753,-0.02212,-99937.16,-34305.35,-27995.43,-162237.94
832,0.001465,0.024278,0.00969,-13226.72,-315.24,-93.94,-13635.9
833,-0.0026,-0.051604,0.002006,27850.06,2284.34,3471.04,33605.44
834,0.000574,0.027083,-0.039712,2803.65,2670.76,-1848.94,3625.47
835,0.027066,0.061385,0.023489,-153509.41,-53362.84,-47138.98,-254011.23
836,-0.00121,-0.047179,-0.011547,6340.83,2736.54,5301.3,14378.67
837,-0.021025,0.067247,-0.020238,146085.65,41979.2,40291.96,228356.81
838,-0.005,0.026072,0.011465,27259.63,10208.8,11107.92,48576.35
839,-0.008732,0.041448,-0.006622,64294.25,23580.42,11178.61,99053.28
840,-0.013381,-0.021925,0.029308,93669.97,24366.58,24641.39,142677.94
841,-0.009137,0.043527,0.010779,56680.75,18990.57,18348.35,94019.67
842,-0.01892,0.015055,-0.022138,130956.05,41106.07,36947.79,209009.91
843,-0.000263,0.073276,-0.01681,-764.19,2313.43,861.1,2410.34
844,-0.003284,-0.017776,0.026666,20147.7,3834.25,4004.74,27986.69
845,0.006699,0.112826,-0.01048,-31790.72,-14100.45,-12215.9,-58107.07
846,-0.009103,-0.009901,-0.015123,56850.47,14159.67,19371.05,90381.19
847,0.010644,0.01358,-0.00288,-66663.92,-24682.83,-20788.02,-112134.77
848,0.007174,-0.013111,0.006515,-53786.08,-16011.98,-14789.73,-84587.79
849,0.004841,0.049764,0.029194,-34081.33,-13548.87,-9259.76,-56889.96
850,-0.006993,0.021562,-0.028056,37783.7,13646.23,13621.06,65050.99
851,-0.010275,0.042456,0.007307,76893.91,19169.83,14664.8,110728.54
852,0.005985,0.013994,0.00405,-43338.29,-10243.93,-11681.48,-65263.7
853,0.002021,-0.022978,0.007088,-19017.72,-2744.24,-2200.67,-23962.63
854,0.00116,0.082195,0.004143,-2914.55,-2158.29,-359.22,-5432.06
855,-0.015333,0.001647,-0.022539,105656.72,33351.97,28294.49,167303.18
856,0.004899,-0.016843,-0.015072,-43016.74,-10081.55,-6248.71,-59347.0
857,0.001084,-0.004238,0.002861,-8957.69,-1691.36,-2695.97,-13345.02
858,-0.008989,-0.003765,-0.001942,69621.11,16459.44,15321.65,101402.2
859,-0.002567,-0.022384,0.010262,28021.28,4427.49,5497.77,37946.54
860,-0.019124,-0.019676,0.031105,132257.9,41666.83,32029.77,205954.5
861,0.002576,0.081639,-0.023202,-5659.25,-10046.53,-5452.5,-21158.28
862,-0.008359,-0.013623,-0.016978,51283.22,13994.02,15833.07,81110.31
863,-0.00238,-0.024976,0.005645,8121.5,5916.24,3952.93,17990.67
864,-0.00063,0.025958,0.03287,5721.27,724.17,-1268.43,5177.01
865,-0.023908,0.006394,-0.025193,155562.87,49154.57,42079.2,246796.64
866,0.007443,0.053063,0.017514,-42620.4,-20034.59,-13250.08,-75905.07
867,0.005798,0.002319,-0.003103,-36792.39,-11439.94,-10242.93,-58475.26
868,-0.008463,-0.085141,-0.004081,56907.0,17911.61,16631.1,91449.71
869,0.011306,-0.005201,-0.001937,-67747.66,-22463.09,-20557.67,-110768.42
870,0.00659,-0.007319,-0.002502,-39690.66,-14742.79,-11277.5,-65710.95
871,0.002975,0.040859,0.014963,-17805.96,-14074.74,-4690.57,-36571.27
872,0.003979,0.030046,-0.01912,-36116.76,-5937.09,-9372.27,-51426.12
873,0.012222,-0.028933,-0.020543,-74332.09,-23817.03,-20152.59,-118301.71
874,0.005016,-0.03539,-0.030538,-33986.87,-13970.94,-7862.92,-55820.73
875,0.008742,0.008635,-1.9e-05,-56658.57,-15418.16,-18872.85,-90949.58
876,-0.012062,0.091337,-0.025099,84328.3,27539.54,17134.53,129002.37
877,-0.017343,0.063236,-0.019459,114768.73,34857.63,28235.82,177862.18
878,0.005263,-0.059102,-0.039315,-27802.46,-14450.35,-10661.1,-52913.91
879,0.008299,0.003512,0.022247,-48165.56,-18787.31,-12395.69,-79348.56
880,0.001678,-0.029919,0.005808,-17389.23,-1021.69,-1511.02,-19921.94
881,0.001204,-0.095914,0.023088,-5605.24,-2596.4,-2455.57,-10657.21
882,-0.005367,-0.017224,0.015384,32951.27,10448.2,9083.73,52483.2
883,-0.001002,-0.030891,-0.003404,8251.98,-610.27,1412.29,9054.0
884,0.01931,-0.003157,-0.018608,-122361.46,-44346.25,-30344.89,-197052.6
885,0.01008,-0.064481,0.004274,-57111.03,-21289.87,-18522.82,-96923.72
886,0.022409,-0.095267,0.052652,-134059.81,-43187.6,-41392.88,-218640.29
887,-0.007256,-0.053998,-0.002021,49886.17,18437.68,9202.26,77526.11
888,0.001569,0.044745,0.021644,-12344.67,-4578.79,-2913.83,-19837.29
889,0.001861,0.06513,-0.024202,-15946.81,-7901.34,-2381.81,-26229.96
890,0.011014,-0.071048,0.001774,-63714.64,-20775.09,-17618.3,-102108.03
891,-0.011899,0.038472,-0.003719,85878.27,26334.88,19072.83,131285.98
892,0.002788,0.040926,-0.010127,-17303.86,-9864.88,-3753.26,-30922.0
893,-0.000563,0.045704,0.010417,1628.4,-1357.57,-1173.81,-902.98
894,-0.005074,0.044355,-0.035125,28383.13,13232.86,11487.05,53103.04
895,-0.009832,-0.05234,0.028143,65462.19,17962.71,19196.2,102621.1
896,0.005035,0.036833,-0.016849,-30281.77,-6834.24,-7478.98,-44594.99
897,0.009199,0.070157,0.008553,-60713.29,-16685.93,-18217.15,-95616.37
898,-0.002223,0.029404,-0.064348,15824.29,5567.59,1596.49,22988.37
899,0.003259,0.009497,0.000679,-14994.85,-4206.34,-4390.01,-23591.2
900,-0.010242,-0.000867,0.023689,67861.41,26171.44,19159.84,113192.69
901,0.017096,-0.053367,-0.003093,-104846.25,-34082.25,-31223.55,-170152.05
902,-0.016076,0.01891,-0.007329,107955.87,31681.32,28220.14,167857.33
903,-0.010769,-0.00971,-0.016574,69559.0,23675.44,20040.14,113274.58
904,-0.003061,0.048392,-0.019454,12508.15,2419.23,3175.41,18102.79
905,-0.013129,0.101058,-0.031004,93903.5,27495.37,23293.54,144692.41
906,-0.009057,0.016273,-0.018278,65332.04,22036.86,15489.97,102858.87
907,-0.000694,0.021636,0.007632,9640.22,4444.18,1149.25,15233.65
908,-0.004772,0.040581,-0.003126,32100.73,11612.66,10254.82,53968.21
909,0.002608,-0.02936,0.03594,-9150.33,-8531.82,-6362.3,-24044.45
910,-0.00786,0.042428,0.036703,49949.6,17014.09,12171.42,79135.11
911,0.017002,0.041241,-0.016493,-114520.26,-32591.29,-30728.32,-177839.87
912,0.008427,0.014685,-0.036686,-57213.53,-18759.81,-16015.12,-91988.46
913,0.001162,0.020069,0.035787,-5159.51,2033.77,-2974.96,-6100.7
914,0.011652,-0.01906,-0.01834,-77480.38,-32395.35,-18566.55,-128442.28
915,-0.012902,0.070407,-0.003484,79833.71,23740.91,22830.66,126405.28
916,-0.0188,0.029497,-0.030327,126454.39,40075.27,33646.48,200176.14
917,0.007977,-0.065327,-0.006169,-44954.99,-17676.75,-13291.78,-75923.52
918,0.001624,0.065062,-0.009318,-17448.93,-6314.84,-2448.76,-26212.53
919,-0.015695,-0.027221,0.001508,103729.97,33940.92,28758.83,166429.72
920,0.004549,-0.077375,0.001584,-28316.23,-10695.87,-7288.79,-46300.89
921,0.002774,-0.004544,-0.020085,-17992.53,-225.12,-5611.8,-23829.45
922,0.010473,0.001943,-0.016015,-67089.93,-22044.03,-16912.69,-106046.65
923,0.0238,0.002733,-0.024617,-150230.45,-51246.31,-43668.97,-245145.73
924,0.005579,0.028263,-0.00292,-32276.64,-11521.75,-5972.42,-49770.81
925,0.006261,0.044781,-0.028963,-45672.23,-11712.11,-13993.02,-71377.36
926,-0.006245,0.058971,-0.012917,35419.7,15116.62,15012.94,65549.26
927,-0.008086,0.061201,-0.018663,53470.89,16774.15,12506.46,82751.5
928,0.008754,-0.076986,0.003901,-49805.66,-16006.81,-14249.45,-80061.92
929,0.015853,-0.010981,-0.030495,-96713.78,-33668.57,-31815.85,-162198.2
930,-0.011251,-0.062631,-0.016291,74223.88,22688.5,18019.15,114931.53
931,-0.012539,0.018873,0.002331,85777.18,31669.74,22144.28,139591.2
932,-0.003667,-0.00529,0.001976,27214.21,7565.65,2494.0,37273.86
933,-0.004367,7.5e-05,0.026084,24888.33,4265.93,7728.17,36882.43
934,0.008662,-0.019671,0.047661,-43879.59,-18408.39,-14699.1,-76987.08
935,0.013687,-0.004492,-0.016082,-80307.68,-27350.12,-25430.62,-133088.42
936,0.002792,-0.008003,-0.007702,-21899.52,-5498.24,-5389.17,-32786.93
937,0.002847,0.040992,0.004631,-17080.12,-7602.37,-2605.18,-27287.67
938,-0.008485,-0.0806,-0.02142,61945.73,19195.81,17388.3,98529.84
939,-0.013231,0.116011,-0.005674,81135.18,34371.43,20400.89,135907.5
940,-0.003979,-0.010288,0.008882,22262.93,11473.75,8430.66,42167.34
941,0.000191,0.066216,-0.001357,-2616.75,5593.91,259.71,3236.87
942,-0.009857,-0.042513,0.000379,54263.24,18799.71,16949.55,90012.5
943,-0.001672,-0.062872,-0.00897,16829.76,6430.59,3100.47,26360.82
944,-0.000689,-0.008081,0.004726,5002.68,2419.53,2202.62,9624.83
945,-0.012111,-0.015513,0.003958,77193.07,23411.79,20637.48,121242.34
946,-0.001688,0.01083,-0.016961,15878.49,3014.3,3228.12,22120.91
947,-0.003698,0.011783,0.033424,22451.26,6132.99,4774.77,33359.02
948,-0.000596,-0.00356,0.001029,6224.7,2278.56,992.38,9495.64
949,0.019538,0.034534,-0.021785,-126134.1,-43116.78,-33690.83,-202941.71
950,-0.007795,-0.031381,0.000521,50324.76,10226.39,15717.65,76268.8
951,0.00845,-0.064256,0.001138,-58898.56,-19570.48,-13729.94,-92198.98
952,0.0081,0.039332,0.004897,-44800.64,-18842.67,-14872.08,-78515.39
953,-0.025946,-0.004653,0.011594,185224.32,52615.12,46835.58,284675.02
954,-0.000738,0.038321,0.009723,11933.81,2568.54,2504.54,17006.89
955,-0.000767,-0.025145,0.009815,12513.51,-236.58,838.6,13115.53
956,0.000267,0.034245,0.006909,2834.64,5362.07,-1741.52,6455.19
957,0.006097,0.016032,0.000381,-35765.48,-13604.72,-9963.19,-59333.39
958,-0.013053,-0.026941,0.02095,93722.95,28189.44,21805.99,143718.38
959,0.008253,0.061824,-0.008247,-59384.98,-15983.18,-12532.09,-87900.25
960,0.005875,0.078254,0.031386,-38936.86,-11740.17,-11215.28,-61892.31
961,-0.010221,-0.048172,0.01434,70298.96,24133.22,22847.15,117279.33
962,0.004999,-0.039396,0.020703,-35961.75,-5252.21,-12640.59,-53854.55
963,-0.005465,0.031107,0.02355,32812.88,8902.75,9806.69,51522.32
964,0.01909,-0.076919,-0.006282,-114584.1,-42476.72,-34815.27,-191876.09
965,-0.002334,0.014635,-0.003901,22620.84,6679.04,4827.34,34127.22
966,0.010277,0.02004,-0.008864,-65737.09,-24969.03,-13871.42,-104577.54
967,0.009307,-0.127979,0.026663,-65877.67,-17983.2,-20602.65,-104463.52
968,-0.004281,0.067047,0.027933,29774.7,11353.11,4622.31,45750.12
969,0.005383,0.042549,0.051395,-37455.7,-11256.09,-9210.77,-57922.56
970,0.006986,0.044026,0.021218,-39370.09,-19113.61,-17381.75,-75865.45
971,-0.005144,-0.001771,-0.012265,31731.29,9793.16,10105.03,51629.48
972,-0.010337,-0.003891,-0.001403,72367.65,25193.25,21354.46,118915.36
973,-0.00746,-0.099999,-0.004839,41798.45,23869.54,11234.48,76902.47
974,0.005638,0.046703,0.006812,-25550.3,-12447.95,-11480.47,-49478.72
975,-0.008866,0.0375,-0.003796,54966.89,19943.03,16845.77,91755.69
976,0.002713,0.04498,0.001762,-20437.35,-3263.21,-6500.89,-30201.45
977,-0.011289,0.057797,-0.006957,84573.33,26276.38,18794.93,129644.64
978,0.004862,0.126419,0.015085,-28163.97,-11994.81,-4771.14,-44929.92
979,0.013179,-0.029278,0.037608,-80934.04,-30197.84,-24129.15,-135261.03
980,0.008777,-0.041675,-0.022062,-57511.65,-19300.27,-16618.63,-93430.55
981,-0.004539,0.045847,0.00513,27391.86,8249.3,7635.33,43276.49
982,-0.000744,-0.003509,0.017605,5834.57,2242.07,4148.38,12225.02
983,0.018767,-0.061549,-0.031578,-115805.28,-37060.29,-31901.76,-184767.33
984,0.010541,-0.019618,-0.039134,-72850.36,-20441.89,-16217.83,-109510.08
985,-0.019068,0.070533,0.009293,131770.4,38162.26,36360.59,206293.25
986,0.00897,0.024541,-0.014628,-48424.12,-18746.08,-15009.88,-82180.08
987,0.000731,-0.038278,0.006394,-1252.16,-2859.07,-803.08,-4914.31
988,0.000585,0.045757,-0.005979,-2661.91,83.02,-1661.02,-4239.91
989,-0.008254,-0.03313,0.008184,54004.19,16586.68,15569.46,86160.33
990,0.010195,0.059586,-0.01225,-59314.65,-15154.37,-17487.01,-91956.03
991,-0.000733,-0.014088,-0.021275,8988.52,1332.93,976.18,11297.63
992,0.006873,0.038974,-0.012017,-46499.15,-16298.28,-7732.75,-70530.18
993,0.014771,0.035352,-0.007508,-92389.72,-29929.75,-21284.08,-143603.55
994,0.002889,0.025441,-0.05098,-17301.36,-10248.0,-6000.45,-33549.81
995,0.000469,-0.015105,-0.012719,-6177.87,-1617.75,-1325.23,-9120.85
996,0.000203,-0.002724,0.025578,-11564.8,309.2,-210.72,-11466.32
997,-0.001342,-0.035291,-0.002994,595.35,3438.15,3111.03,7144.53
998,-0.007041,0.097035,-0.002409,47100.17,18792.78,16535.04,82427.99
999,-0.011233,-0.028858,-0.002054,72141.95,26128.47,17840.14,116110.56
1000,0.012666,0.031182,0.023281,-82962.09,-27749.15,-20242.92,-130954.16
